text,label
mast concert tha yaar,0
which section are you in? .,0
is parking available at the venue? seriously,0
did you get the tickets? lol,0
which section are you in? .,0
what time are the gates opening? ,0
haha that was so funny yaar,0
you are so dumb bro,1
you are so dumb seriously,1
tu pagal hai kya yaar,1
mast concert tha yaar seriously,0
shut up loser!!,1
can we meet near the metro station bro,0
can we meet near the metro station bro,0
the opening act was amazing,0
kal show pe milte hain yaar,0
abey gadhe yaar,1
see you there! seriously,0
haha that was so funny bro,0
stupid girl stop texting lol,1
abey gadhe yaar,1
nobody wants you here lol,1
shut up loser,1
stupid girl stop texting ,1
chup kar bewakoof,1
what time are the gates opening? .,0
which section are you in? seriously,0
"add me on whatsapp, 9876543210 bro",0
kal show pe milte hain ??,0
bakwas mat kar!!,1
I'll reach by 6 lol,0
"add me on whatsapp, 9876543210!!",0
did you get the tickets? lol,0
what time are the gates opening? bro,0
thanks for coming along ,0
nobody wants you here,1
"add me on whatsapp, 9876543210",0
go away creep lol,1
kal show pe milte hain seriously,0
maine ticket le liya seriously,0
tu pagal hai kya!!,1
"add me on whatsapp, 9876543210 seriously",0
I'll reach by 6 lol,0
which section are you in? seriously,0
"running 10 min late, sorry lol",0
haha that was so funny yaar,0
the opening act was amazing seriously,0
you are pathetic ??,1
you are pathetic ??,1
can we meet near the metro station!!,0
kal show pe milte hain!!,0
tere jaisa bewakoof nahi dekha,1
you are pathetic,1
"add me on whatsapp, 9876543210 bro",0
nobody wants you here ,1
you are such an idiot seriously,1
let's meet at gate 2 ??,0
I'll reach by 6 ,0
let's meet at gate 2 seriously,0
get lost you fool bro,1
can we meet near the metro station ??,0
maine ticket le liya,0
want to grab food after?,0
thanks for coming along yaar,0
nobody wants you here ??,1
mast concert tha yaar lol,0
the opening act was amazing yaar,0
"running 10 min late, sorry ",0
see you there!,0
get lost you fool ,1
I'll reach by 6 .,0
mast concert tha yaar!!,0
kal show pe milte hain,0
is parking available at the venue?,0
is parking available at the venue? seriously,0
chup kar bewakoof lol,1
did you get the tickets? ??,0
send the advance for the ticket to my upi seriously,0
"add me on whatsapp, 9876543210!!",0
the opening act was amazing seriously,0
go away creep bro,1
get lost you fool ,1
"running 10 min late, sorry",0
let's meet at gate 2 seriously,0
mast concert tha yaar .,0
you are such an idiot!!,1
see you there!!!,0
can we meet near the metro station ??,0
maine ticket le liya ??,0
chup kar bewakoof seriously,1
which section are you in? ??,0
thanks for coming along ,0
stupid girl stop texting ??,1
"running 10 min late, sorry ",0
kal show pe milte hain .,0
the opening act was amazing ,0
can we meet near the metro station .,0
bakwas mat kar lol,1
you are pathetic lol,1
thanks for coming along seriously,0
see you there! yaar,0
is parking available at the venue? lol,0
see you there! lol,0
send the advance for the ticket to my upi!!,0
did you get the tickets? ,0
let's meet at gate 2!!,0
send the advance for the ticket to my upi seriously,0
thanks for coming along bro,0
want to grab food after?!!,0
bakwas mat kar ,1
the opening act was amazing ,0
want to grab food after? bro,0
stupid girl stop texting,1
you are pathetic yaar,1
what time are the gates opening? bro,0
I'll reach by 6 ,0
send the advance for the ticket to my upi ,0
mast concert tha yaar .,0
nobody wants you here .,1
shut up loser ,1
"add me on whatsapp, 9876543210 lol",0
thanks for coming along yaar,0
"add me on whatsapp, 9876543210 ",0
did you get the tickets? yaar,0
shut up loser ,1
thanks for coming along,0
I'll reach by 6 seriously,0
want to grab food after? ??,0
let's meet at gate 2 ??,0
go away creep seriously,1
the opening act was amazing seriously,0
see you there! lol,0
let's meet at gate 2 ??,0
thanks for coming along seriously,0
stupid girl stop texting ??,1
shut up loser yaar,1
bakwas mat kar lol,1
"worst person ever, get lost bro",1
maine ticket le liya lol,0
haha that was so funny .,0
bhai kitne baje nikalna hai .,0
go away creep seriously,1
let's meet at gate 2 lol,0
bakwas mat kar lol,1
you are such an idiot lol,1
haha that was so funny bro,0
"add me on whatsapp, 9876543210 seriously",0
chup kar bewakoof!!,1
mast concert tha yaar!!,0
send the advance for the ticket to my upi yaar,0
get lost you fool ,1
haha that was so funny yaar,0
"add me on whatsapp, 9876543210 ",0
did you get the tickets? ??,0
I'll reach by 6 yaar,0
thanks for coming along bro,0
thanks for coming along ??,0
"running 10 min late, sorry ??",0
is parking available at the venue? bro,0
bhai kitne baje nikalna hai!!,0
"add me on whatsapp, 9876543210 ",0
what time are the gates opening?!!,0
get lost you fool .,1
send the advance for the ticket to my upi bro,0
thanks for coming along bro,0
which section are you in? bro,0
bhai kitne baje nikalna hai ??,0
kal show pe milte hain,0
"worst person ever, get lost ??",1
is parking available at the venue? seriously,0
you are pathetic bro,1
can we meet near the metro station!!,0
nobody wants you here seriously,1
want to grab food after? bro,0
bhai kitne baje nikalna hai seriously,0
haha that was so funny ,0
is parking available at the venue? yaar,0
what time are the gates opening? ,0
tu pagal hai kya .,1
maine ticket le liya ??,0
can we meet near the metro station .,0
maine ticket le liya ??,0
mast concert tha yaar seriously,0
you are such an idiot bro,1
let's meet at gate 2!!,0
nobody wants you here .,1
is parking available at the venue?!!,0
see you there! ??,0
you are so dumb lol,1
get lost you fool ,1
thanks for coming along .,0
did you get the tickets?!!,0
is parking available at the venue? yaar,0
maine ticket le liya .,0
maine ticket le liya yaar,0
which section are you in? ,0
want to grab food after? ,0
"add me on whatsapp, 9876543210 ",0
maine ticket le liya seriously,0
send the advance for the ticket to my upi,0
bhai kitne baje nikalna hai yaar,0
"add me on whatsapp, 9876543210 ??",0
bhai kitne baje nikalna hai!!,0
tere jaisa bewakoof nahi dekha,1
maine ticket le liya bro,0
is parking available at the venue?!!,0
maine ticket le liya ,0
the opening act was amazing seriously,0
"add me on whatsapp, 9876543210",0
chup kar bewakoof .,1
did you get the tickets? lol,0
you are pathetic bro,1
can we meet near the metro station seriously,0
"running 10 min late, sorry ??",0
I'll reach by 6 ??,0
kal show pe milte hain yaar,0
"add me on whatsapp, 9876543210 ??",0
mast concert tha yaar,0
bakwas mat kar ??,1
did you get the tickets? lol,0
shut up loser lol,1
kal show pe milte hain bro,0
what time are the gates opening? lol,0
tu pagal hai kya ??,1
see you there! yaar,0
can we meet near the metro station!!,0
maine ticket le liya!!,0
want to grab food after? ??,0
the opening act was amazing,0
which section are you in? lol,0
thanks for coming along ,0
go away creep bro,1
the opening act was amazing!!,0
let's meet at gate 2 bro,0
bakwas mat kar,1
stupid girl stop texting seriously,1
what time are the gates opening? ??,0
haha that was so funny yaar,0
which section are you in? lol,0
shut up loser,1
did you get the tickets? ,0
"running 10 min late, sorry .",0
send the advance for the ticket to my upi yaar,0
haha that was so funny seriously,0
maine ticket le liya seriously,0
what time are the gates opening? .,0
see you there! .,0
I'll reach by 6!!,0
mast concert tha yaar bro,0
mast concert tha yaar bro,0
get lost you fool yaar,1
which section are you in? bro,0
kal show pe milte hain bro,0
see you there! ,0
haha that was so funny bro,0
you are pathetic bro,1
stupid girl stop texting yaar,1
is parking available at the venue? .,0
can we meet near the metro station lol,0
you are pathetic,1
you are pathetic ??,1
bakwas mat kar lol,1
see you there! bro,0
shut up loser lol,1
is parking available at the venue?,0
tere jaisa bewakoof nahi dekha yaar,1
haha that was so funny,0
bhai kitne baje nikalna hai,0
did you get the tickets? ,0
"add me on whatsapp, 9876543210 yaar",0
haha that was so funny lol,0
bakwas mat kar yaar,1
is parking available at the venue?!!,0
haha that was so funny yaar,0
which section are you in? seriously,0
go away creep yaar,1
nobody wants you here!!,1
can we meet near the metro station ,0
tere jaisa bewakoof nahi dekha seriously,1
which section are you in?!!,0
you are pathetic,1
did you get the tickets? yaar,0
the opening act was amazing seriously,0
which section are you in? seriously,0
the opening act was amazing .,0
I'll reach by 6!!,0
which section are you in? lol,0
want to grab food after? ,0
let's meet at gate 2 .,0
shut up loser yaar,1
what time are the gates opening? ,0
you are pathetic ??,1
see you there! ,0
"running 10 min late, sorry ??",0
chup kar bewakoof!!,1
"running 10 min late, sorry lol",0
thanks for coming along bro,0
bhai kitne baje nikalna hai yaar,0
I'll reach by 6 bro,0
I'll reach by 6 yaar,0
you are so dumb ,1
mast concert tha yaar .,0
which section are you in?,0
the opening act was amazing ??,0
tu pagal hai kya ,1
see you there!!!,0
kal show pe milte hain lol,0
I'll reach by 6 ??,0
haha that was so funny .,0
is parking available at the venue? ??,0
did you get the tickets? bro,0
abey gadhe,1
you are pathetic .,1
"add me on whatsapp, 9876543210 yaar",0
did you get the tickets? lol,0
which section are you in? bro,0
go away creep ??,1
abey gadhe lol,1
which section are you in?!!,0
did you get the tickets?,0
tere jaisa bewakoof nahi dekha seriously,1
can we meet near the metro station ??,0
which section are you in? bro,0
thanks for coming along,0
I'll reach by 6!!,0
the opening act was amazing,0
did you get the tickets? yaar,0
mast concert tha yaar bro,0
"running 10 min late, sorry bro",0
want to grab food after?!!,0
go away creep,1
maine ticket le liya bro,0
"running 10 min late, sorry .",0
did you get the tickets? .,0
abey gadhe,1
stupid girl stop texting .,1
want to grab food after? .,0
stupid girl stop texting yaar,1
chup kar bewakoof!!,1
let's meet at gate 2 lol,0
haha that was so funny ,0
haha that was so funny yaar,0
bakwas mat kar .,1
thanks for coming along bro,0
what time are the gates opening? ??,0
maine ticket le liya .,0
what time are the gates opening? bro,0
the opening act was amazing bro,0
you are pathetic lol,1
you are pathetic seriously,1
is parking available at the venue? seriously,0
mast concert tha yaar yaar,0
haha that was so funny!!,0
you are pathetic seriously,1
want to grab food after? ,0
what time are the gates opening?,0
go away creep lol,1
want to grab food after? ??,0
send the advance for the ticket to my upi yaar,0
send the advance for the ticket to my upi ??,0
the opening act was amazing lol,0
mast concert tha yaar yaar,0
bakwas mat kar ,1
kal show pe milte hain,0
maine ticket le liya,0
stupid girl stop texting,1
"running 10 min late, sorry",0
mast concert tha yaar seriously,0
you are such an idiot bro,1
see you there! lol,0
did you get the tickets? .,0
what time are the gates opening? lol,0
the opening act was amazing yaar,0
is parking available at the venue? lol,0
"running 10 min late, sorry yaar",0
haha that was so funny .,0
"running 10 min late, sorry ",0
you are so dumb lol,1
"worst person ever, get lost bro",1
I'll reach by 6 ,0
abey gadhe ??,1
nobody wants you here yaar,1
did you get the tickets? ??,0
I'll reach by 6,0
"add me on whatsapp, 9876543210 bro",0
want to grab food after?!!,0
the opening act was amazing lol,0
the opening act was amazing,0
see you there! seriously,0
kal show pe milte hain ,0
is parking available at the venue? ,0
abey gadhe bro,1
is parking available at the venue? .,0
you are such an idiot,1
the opening act was amazing ??,0
you are pathetic ??,1
go away creep bro,1
did you get the tickets?!!,0
bhai kitne baje nikalna hai yaar,0
did you get the tickets? bro,0
what time are the gates opening? .,0
which section are you in? .,0
is parking available at the venue? ,0
"add me on whatsapp, 9876543210 yaar",0
which section are you in? seriously,0
let's meet at gate 2 seriously,0
"add me on whatsapp, 9876543210 seriously",0
haha that was so funny ??,0
"running 10 min late, sorry .",0
let's meet at gate 2,0
tere jaisa bewakoof nahi dekha bro,1
nobody wants you here yaar,1
want to grab food after?,0
"running 10 min late, sorry ",0
go away creep bro,1
mast concert tha yaar yaar,0
maine ticket le liya,0
let's meet at gate 2 lol,0
mast concert tha yaar .,0
what time are the gates opening? lol,0
"add me on whatsapp, 9876543210 .",0
what time are the gates opening?!!,0
stupid girl stop texting,1
haha that was so funny lol,0
did you get the tickets? seriously,0
want to grab food after? ,0
which section are you in? ,0
which section are you in? bro,0
maine ticket le liya yaar,0
the opening act was amazing .,0
I'll reach by 6!!,0
which section are you in? lol,0
nobody wants you here .,1
which section are you in? bro,0
thanks for coming along ,0
can we meet near the metro station ,0
did you get the tickets? lol,0
get lost you fool lol,1
haha that was so funny,0
did you get the tickets? yaar,0
can we meet near the metro station bro,0
haha that was so funny lol,0
is parking available at the venue?,0
thanks for coming along yaar,0
bakwas mat kar seriously,1
tere jaisa bewakoof nahi dekha seriously,1
bhai kitne baje nikalna hai yaar,0
haha that was so funny,0
send the advance for the ticket to my upi yaar,0
"running 10 min late, sorry yaar",0
is parking available at the venue?,0
haha that was so funny yaar,0
let's meet at gate 2 ,0
tere jaisa bewakoof nahi dekha .,1
maine ticket le liya ,0
go away creep ,1
the opening act was amazing lol,0
want to grab food after?!!,0
did you get the tickets? seriously,0
let's meet at gate 2!!,0
stupid girl stop texting lol,1
bhai kitne baje nikalna hai,0
want to grab food after? bro,0
send the advance for the ticket to my upi seriously,0
send the advance for the ticket to my upi ??,0
maine ticket le liya ,0
see you there! lol,0
thanks for coming along!!,0
nobody wants you here yaar,1
"add me on whatsapp, 9876543210 bro",0
mast concert tha yaar,0
the opening act was amazing lol,0
bhai kitne baje nikalna hai lol,0
let's meet at gate 2!!,0
which section are you in? bro,0
kal show pe milte hain .,0
see you there!!!,0
what time are the gates opening? seriously,0
send the advance for the ticket to my upi!!,0
"worst person ever, get lost .",1
bhai kitne baje nikalna hai,0
the opening act was amazing ,0
"add me on whatsapp, 9876543210 ??",0
see you there!,0
"running 10 min late, sorry .",0
let's meet at gate 2 .,0
stupid girl stop texting,1
shut up loser,1
let's meet at gate 2 .,0
let's meet at gate 2 seriously,0
is parking available at the venue? lol,0
tu pagal hai kya ,1
tu pagal hai kya seriously,1
I'll reach by 6 yaar,0
let's meet at gate 2 lol,0
see you there! yaar,0
see you there! lol,0
is parking available at the venue? lol,0
did you get the tickets? lol,0
"add me on whatsapp, 9876543210 .",0
chup kar bewakoof yaar,1
send the advance for the ticket to my upi .,0
I'll reach by 6 bro,0
mast concert tha yaar seriously,0
go away creep .,1
nobody wants you here lol,1
did you get the tickets? lol,0
what time are the gates opening? yaar,0
send the advance for the ticket to my upi lol,0
you are such an idiot ,1
the opening act was amazing!!,0
bhai kitne baje nikalna hai!!,0
thanks for coming along!!,0
let's meet at gate 2 lol,0
kal show pe milte hain!!,0
mast concert tha yaar ??,0
I'll reach by 6 bro,0
kal show pe milte hain .,0
"add me on whatsapp, 9876543210 .",0
maine ticket le liya ??,0
tere jaisa bewakoof nahi dekha!!,1
can we meet near the metro station ,0
"add me on whatsapp, 9876543210 ??",0
I'll reach by 6 lol,0
nobody wants you here lol,1
you are so dumb!!,1
see you there! yaar,0
get lost you fool ??,1
I'll reach by 6 .,0
thanks for coming along seriously,0
"add me on whatsapp, 9876543210 ",0
can we meet near the metro station .,0
go away creep bro,1
abey gadhe .,1
can we meet near the metro station!!,0
want to grab food after? seriously,0
I'll reach by 6!!,0
nobody wants you here yaar,1
kal show pe milte hain lol,0
thanks for coming along ??,0
"running 10 min late, sorry",0
what time are the gates opening? bro,0
bhai kitne baje nikalna hai .,0
want to grab food after? bro,0
thanks for coming along lol,0
can we meet near the metro station ,0
tere jaisa bewakoof nahi dekha seriously,1
bhai kitne baje nikalna hai yaar,0
nobody wants you here seriously,1
can we meet near the metro station yaar,0
want to grab food after? ,0
which section are you in? seriously,0
thanks for coming along lol,0
is parking available at the venue?,0
did you get the tickets?!!,0
"add me on whatsapp, 9876543210 yaar",0
what time are the gates opening? seriously,0
can we meet near the metro station!!,0
tere jaisa bewakoof nahi dekha,1
let's meet at gate 2 lol,0
"running 10 min late, sorry bro",0
kal show pe milte hain yaar,0
you are such an idiot ,1
maine ticket le liya lol,0
send the advance for the ticket to my upi lol,0
can we meet near the metro station lol,0
did you get the tickets? .,0
which section are you in? ,0
tere jaisa bewakoof nahi dekha!!,1
what time are the gates opening? .,0
the opening act was amazing seriously,0
want to grab food after? yaar,0
mast concert tha yaar bro,0
maine ticket le liya yaar,0
stupid girl stop texting,1
kal show pe milte hain ??,0
bhai kitne baje nikalna hai bro,0
mast concert tha yaar!!,0
bhai kitne baje nikalna hai,0
want to grab food after? bro,0
maine ticket le liya ??,0
bhai kitne baje nikalna hai,0
send the advance for the ticket to my upi ??,0
send the advance for the ticket to my upi ??,0
can we meet near the metro station bro,0
go away creep .,1
tere jaisa bewakoof nahi dekha bro,1
did you get the tickets? bro,0
send the advance for the ticket to my upi,0
see you there! .,0
which section are you in? seriously,0
did you get the tickets? ??,0
bhai kitne baje nikalna hai seriously,0
send the advance for the ticket to my upi .,0
stupid girl stop texting ??,1
want to grab food after? .,0
chup kar bewakoof bro,1
did you get the tickets? yaar,0
kal show pe milte hain lol,0
"add me on whatsapp, 9876543210 lol",0
is parking available at the venue? ??,0
bakwas mat kar seriously,1
see you there! lol,0
"worst person ever, get lost ??",1
want to grab food after? ,0
kal show pe milte hain .,0
did you get the tickets? yaar,0
I'll reach by 6 ??,0
mast concert tha yaar lol,0
did you get the tickets? ,0
did you get the tickets? ,0
the opening act was amazing .,0
you are so dumb .,1
is parking available at the venue?!!,0
what time are the gates opening? ,0
go away creep!!,1
want to grab food after? yaar,0
stupid girl stop texting bro,1
"worst person ever, get lost seriously",1
kal show pe milte hain seriously,0
"add me on whatsapp, 9876543210 .",0
tu pagal hai kya,1
send the advance for the ticket to my upi!!,0
which section are you in? ,0
did you get the tickets?!!,0
can we meet near the metro station ,0
abey gadhe,1
haha that was so funny!!,0
let's meet at gate 2 bro,0
is parking available at the venue? .,0
want to grab food after? lol,0
"add me on whatsapp, 9876543210 ",0
which section are you in?,0
mast concert tha yaar seriously,0
did you get the tickets? ??,0
stupid girl stop texting ??,1
did you get the tickets?,0
you are such an idiot ,1
want to grab food after? yaar,0
you are pathetic ,1
the opening act was amazing ,0
what time are the gates opening? bro,0
thanks for coming along .,0
"running 10 min late, sorry yaar",0
mast concert tha yaar ??,0
"add me on whatsapp, 9876543210 ",0
what time are the gates opening? bro,0
maine ticket le liya,0
you are pathetic yaar,1
did you get the tickets?!!,0
is parking available at the venue? lol,0
tere jaisa bewakoof nahi dekha bro,1
the opening act was amazing bro,0
haha that was so funny bro,0
which section are you in?!!,0
stupid girl stop texting .,1
see you there!!!,0
get lost you fool ,1
the opening act was amazing .,0
I'll reach by 6,0
abey gadhe seriously,1
let's meet at gate 2 .,0
"worst person ever, get lost ",1
stupid girl stop texting yaar,1
want to grab food after?,0
can we meet near the metro station .,0
which section are you in? lol,0
mast concert tha yaar yaar,0
bhai kitne baje nikalna hai!!,0
chup kar bewakoof .,1
go away creep ??,1
send the advance for the ticket to my upi ,0
want to grab food after? ,0
kal show pe milte hain seriously,0
haha that was so funny bro,0
see you there! ??,0
haha that was so funny seriously,0
is parking available at the venue?,0
did you get the tickets?!!,0
what time are the gates opening?,0
did you get the tickets?!!,0
thanks for coming along bro,0
can we meet near the metro station .,0
see you there! seriously,0
did you get the tickets? .,0
I'll reach by 6 yaar,0
shut up loser seriously,1
maine ticket le liya!!,0
abey gadhe!!,1
want to grab food after? ,0
send the advance for the ticket to my upi ??,0
which section are you in?!!,0
the opening act was amazing ,0
see you there!,0
which section are you in? ??,0
get lost you fool seriously,1
"running 10 min late, sorry bro",0
bhai kitne baje nikalna hai .,0
nobody wants you here seriously,1
is parking available at the venue? .,0
maine ticket le liya lol,0
the opening act was amazing yaar,0
mast concert tha yaar ,0
the opening act was amazing,0
bhai kitne baje nikalna hai bro,0
stupid girl stop texting bro,1
you are pathetic yaar,1
"add me on whatsapp, 9876543210 ??",0
I'll reach by 6 .,0
chup kar bewakoof ,1
what time are the gates opening? ,0
"add me on whatsapp, 9876543210 lol",0
did you get the tickets? lol,0
is parking available at the venue? ??,0
the opening act was amazing!!,0
haha that was so funny seriously,0
you are pathetic lol,1
the opening act was amazing!!,0
haha that was so funny!!,0
I'll reach by 6 yaar,0
can we meet near the metro station ,0
see you there!!!,0
you are pathetic seriously,1
"add me on whatsapp, 9876543210!!",0
which section are you in?!!,0
you are pathetic lol,1
you are such an idiot .,1
you are so dumb seriously,1
thanks for coming along!!,0
you are so dumb ??,1
haha that was so funny!!,0
what time are the gates opening?,0
you are so dumb bro,1
want to grab food after? ??,0
kal show pe milte hain ,0
maine ticket le liya .,0
let's meet at gate 2,0
mast concert tha yaar ,0
send the advance for the ticket to my upi bro,0
you are so dumb ??,1
chup kar bewakoof .,1
you are such an idiot .,1
bhai kitne baje nikalna hai yaar,0
get lost you fool .,1
what time are the gates opening?!!,0
mast concert tha yaar yaar,0
bhai kitne baje nikalna hai .,0
"add me on whatsapp, 9876543210 yaar",0
bhai kitne baje nikalna hai yaar,0
thanks for coming along .,0
let's meet at gate 2 .,0
I'll reach by 6 .,0
the opening act was amazing bro,0
send the advance for the ticket to my upi yaar,0
maine ticket le liya yaar,0
send the advance for the ticket to my upi yaar,0
"add me on whatsapp, 9876543210 seriously",0
the opening act was amazing,0
maine ticket le liya,0
is parking available at the venue? yaar,0
bakwas mat kar lol,1
shut up loser seriously,1
tere jaisa bewakoof nahi dekha!!,1
can we meet near the metro station lol,0
haha that was so funny .,0
the opening act was amazing ??,0
haha that was so funny ,0
bhai kitne baje nikalna hai seriously,0
go away creep .,1
what time are the gates opening? seriously,0
the opening act was amazing lol,0
tu pagal hai kya lol,1
thanks for coming along yaar,0
you are such an idiot yaar,1
the opening act was amazing,0
thanks for coming along .,0
I'll reach by 6 ,0
bakwas mat kar seriously,1
kal show pe milte hain!!,0
what time are the gates opening? ??,0
mast concert tha yaar lol,0
want to grab food after? seriously,0
maine ticket le liya,0
bhai kitne baje nikalna hai,0
send the advance for the ticket to my upi lol,0
see you there! ,0
see you there!!!,0
tere jaisa bewakoof nahi dekha!!,1
haha that was so funny .,0
you are so dumb ??,1
mast concert tha yaar!!,0
want to grab food after? bro,0
bakwas mat kar bro,1
is parking available at the venue? bro,0
maine ticket le liya ??,0
the opening act was amazing .,0
want to grab food after?!!,0
get lost you fool seriously,1
bhai kitne baje nikalna hai yaar,0
did you get the tickets? yaar,0
chup kar bewakoof ??,1
tu pagal hai kya!!,1
the opening act was amazing ,0
let's meet at gate 2 lol,0
kal show pe milte hain!!,0
"add me on whatsapp, 9876543210!!",0
want to grab food after?!!,0
the opening act was amazing,0
what time are the gates opening? .,0
mast concert tha yaar ,0
can we meet near the metro station bro,0
"running 10 min late, sorry yaar",0
nobody wants you here!!,1
nobody wants you here ??,1
"running 10 min late, sorry!!",0
I'll reach by 6!!,0
thanks for coming along seriously,0
which section are you in? seriously,0
bhai kitne baje nikalna hai ??,0
shut up loser .,1
"worst person ever, get lost bro",1
shut up loser ??,1
bakwas mat kar!!,1
maine ticket le liya,0
"add me on whatsapp, 9876543210 .",0
I'll reach by 6 ,0
what time are the gates opening? lol,0
tu pagal hai kya ??,1
want to grab food after? ??,0
what time are the gates opening? .,0
kal show pe milte hain,0
see you there!,0
"running 10 min late, sorry ??",0
stupid girl stop texting lol,1
get lost you fool seriously,1
I'll reach by 6,0
I'll reach by 6,0
want to grab food after?,0
is parking available at the venue? seriously,0
the opening act was amazing lol,0
maine ticket le liya lol,0
you are pathetic yaar,1
shut up loser,1
mast concert tha yaar yaar,0
send the advance for the ticket to my upi .,0
what time are the gates opening? yaar,0
see you there! .,0
kal show pe milte hain seriously,0
get lost you fool lol,1
the opening act was amazing .,0
did you get the tickets? yaar,0
is parking available at the venue? ,0
send the advance for the ticket to my upi seriously,0
which section are you in?!!,0
tu pagal hai kya!!,1
chup kar bewakoof yaar,1
want to grab food after? ,0
tu pagal hai kya,1
want to grab food after?!!,0
haha that was so funny,0
go away creep lol,1
bhai kitne baje nikalna hai ,0
maine ticket le liya .,0
which section are you in? seriously,0
"running 10 min late, sorry ??",0
tere jaisa bewakoof nahi dekha lol,1
"running 10 min late, sorry ",0
get lost you fool bro,1
want to grab food after? ,0
"worst person ever, get lost ",1
tu pagal hai kya yaar,1
shut up loser,1
"running 10 min late, sorry yaar",0
send the advance for the ticket to my upi,0
I'll reach by 6 ,0
thanks for coming along ,0
did you get the tickets? yaar,0
send the advance for the ticket to my upi bro,0
thanks for coming along!!,0
tu pagal hai kya seriously,1
what time are the gates opening? yaar,0
want to grab food after? yaar,0
the opening act was amazing,0
you are such an idiot yaar,1
kal show pe milte hain seriously,0
can we meet near the metro station lol,0
can we meet near the metro station,0
kal show pe milte hain!!,0
let's meet at gate 2 yaar,0
haha that was so funny lol,0
you are pathetic!!,1
thanks for coming along bro,0
let's meet at gate 2 lol,0
you are so dumb .,1
which section are you in?,0
tere jaisa bewakoof nahi dekha yaar,1
let's meet at gate 2 lol,0
"running 10 min late, sorry",0
bhai kitne baje nikalna hai ,0
haha that was so funny bro,0
chup kar bewakoof seriously,1
"add me on whatsapp, 9876543210 yaar",0
"add me on whatsapp, 9876543210 ??",0
nobody wants you here!!,1
send the advance for the ticket to my upi .,0
you are such an idiot .,1
you are pathetic seriously,1
what time are the gates opening? ??,0
thanks for coming along!!,0
did you get the tickets? bro,0
haha that was so funny,0
mast concert tha yaar seriously,0
see you there! bro,0
bhai kitne baje nikalna hai ??,0
"running 10 min late, sorry seriously",0
maine ticket le liya yaar,0
want to grab food after? seriously,0
bhai kitne baje nikalna hai .,0
bakwas mat kar bro,1
haha that was so funny ,0
what time are the gates opening? bro,0
I'll reach by 6 seriously,0
send the advance for the ticket to my upi,0
which section are you in? ,0
you are pathetic,1
mast concert tha yaar yaar,0
tu pagal hai kya ??,1
send the advance for the ticket to my upi yaar,0
kal show pe milte hain bro,0
let's meet at gate 2!!,0
thanks for coming along seriously,0
kal show pe milte hain yaar,0
thanks for coming along .,0
shut up loser,1
kal show pe milte hain yaar,0
want to grab food after? seriously,0
"add me on whatsapp, 9876543210 lol",0
kal show pe milte hain bro,0
bakwas mat kar lol,1
you are pathetic .,1
tere jaisa bewakoof nahi dekha bro,1
you are pathetic!!,1
you are such an idiot bro,1
"add me on whatsapp, 9876543210 yaar",0
is parking available at the venue? lol,0
the opening act was amazing .,0
"running 10 min late, sorry yaar",0
get lost you fool ??,1
see you there! ??,0
want to grab food after?!!,0
"add me on whatsapp, 9876543210 seriously",0
see you there! lol,0
the opening act was amazing!!,0
the opening act was amazing .,0
shut up loser .,1
did you get the tickets? ,0
what time are the gates opening? bro,0
mast concert tha yaar seriously,0
is parking available at the venue? .,0
haha that was so funny,0
which section are you in? .,0
"add me on whatsapp, 9876543210 seriously",0
thanks for coming along,0
maine ticket le liya,0
nobody wants you here ,1
go away creep,1
want to grab food after? yaar,0
"add me on whatsapp, 9876543210 seriously",0
haha that was so funny lol,0
what time are the gates opening?,0
"running 10 min late, sorry!!",0
thanks for coming along .,0
stupid girl stop texting ??,1
shut up loser ,1
chup kar bewakoof ,1
did you get the tickets? ??,0
is parking available at the venue?!!,0
maine ticket le liya,0
want to grab food after? yaar,0
I'll reach by 6 ,0
bhai kitne baje nikalna hai,0
nobody wants you here!!,1
did you get the tickets? .,0
haha that was so funny!!,0
haha that was so funny ,0
"running 10 min late, sorry yaar",0
let's meet at gate 2 .,0
is parking available at the venue? yaar,0
see you there! .,0
maine ticket le liya!!,0
kal show pe milte hain seriously,0
let's meet at gate 2 lol,0
bhai kitne baje nikalna hai ,0
tere jaisa bewakoof nahi dekha .,1
you are pathetic seriously,1
send the advance for the ticket to my upi seriously,0
thanks for coming along yaar,0
did you get the tickets? ??,0
kal show pe milte hain yaar,0
nobody wants you here lol,1
thanks for coming along,0
let's meet at gate 2 ??,0
see you there!,0
I'll reach by 6,0
tere jaisa bewakoof nahi dekha!!,1
which section are you in? .,0
maine ticket le liya!!,0
"add me on whatsapp, 9876543210",0
you are so dumb seriously,1
what time are the gates opening? ??,0
kal show pe milte hain bro,0
"running 10 min late, sorry",0
you are pathetic bro,1
send the advance for the ticket to my upi ??,0
"running 10 min late, sorry!!",0
let's meet at gate 2 bro,0
bhai kitne baje nikalna hai ,0
haha that was so funny ??,0
"running 10 min late, sorry lol",0
is parking available at the venue?!!,0
get lost you fool yaar,1
is parking available at the venue? ,0
tere jaisa bewakoof nahi dekha,1
you are so dumb lol,1
see you there! ??,0
I'll reach by 6 lol,0
nobody wants you here yaar,1
maine ticket le liya .,0
maine ticket le liya .,0
you are pathetic yaar,1
"worst person ever, get lost ",1
kal show pe milte hain .,0
let's meet at gate 2 ??,0
abey gadhe!!,1
you are pathetic ??,1
"running 10 min late, sorry .",0
tu pagal hai kya,1
shut up loser .,1
which section are you in? lol,0
did you get the tickets? bro,0
want to grab food after? seriously,0
which section are you in? seriously,0
can we meet near the metro station lol,0
see you there!,0
what time are the gates opening? bro,0
tere jaisa bewakoof nahi dekha seriously,1
thanks for coming along!!,0
maine ticket le liya yaar,0
see you there! ,0
did you get the tickets? yaar,0
"running 10 min late, sorry ",0
haha that was so funny lol,0
the opening act was amazing bro,0
bhai kitne baje nikalna hai!!,0
"worst person ever, get lost!!",1
bakwas mat kar,1
which section are you in?,0
kal show pe milte hain,0
nobody wants you here yaar,1
I'll reach by 6 ,0
haha that was so funny ??,0
bakwas mat kar yaar,1
want to grab food after? .,0
kal show pe milte hain!!,0
the opening act was amazing yaar,0
see you there! yaar,0
nobody wants you here lol,1
"running 10 min late, sorry bro",0
mast concert tha yaar,0
nobody wants you here yaar,1
let's meet at gate 2 ??,0
is parking available at the venue? lol,0
which section are you in?,0
bhai kitne baje nikalna hai seriously,0
shut up loser bro,1
"running 10 min late, sorry!!",0
is parking available at the venue? seriously,0
bakwas mat kar yaar,1
the opening act was amazing .,0
"add me on whatsapp, 9876543210 ",0
what time are the gates opening? yaar,0
which section are you in? yaar,0
can we meet near the metro station yaar,0
the opening act was amazing .,0
bhai kitne baje nikalna hai ,0
bhai kitne baje nikalna hai .,0
did you get the tickets?,0
the opening act was amazing yaar,0
"running 10 min late, sorry yaar",0
you are so dumb .,1
mast concert tha yaar yaar,0
did you get the tickets? ??,0
stupid girl stop texting bro,1
abey gadhe lol,1
shut up loser,1
shut up loser!!,1
let's meet at gate 2 .,0
see you there!!!,0
mast concert tha yaar yaar,0
kal show pe milte hain bro,0
what time are the gates opening? ??,0
I'll reach by 6 ??,0
is parking available at the venue? seriously,0
nobody wants you here!!,1
see you there! ,0
maine ticket le liya ,0
what time are the gates opening? lol,0
send the advance for the ticket to my upi!!,0
you are such an idiot lol,1
kal show pe milte hain .,0
send the advance for the ticket to my upi yaar,0
haha that was so funny,0
what time are the gates opening?,0
shut up loser .,1
"add me on whatsapp, 9876543210 ",0
you are such an idiot .,1
is parking available at the venue? yaar,0
what time are the gates opening? seriously,0
which section are you in? bro,0
"add me on whatsapp, 9876543210 ??",0
thanks for coming along lol,0
see you there! bro,0
chup kar bewakoof lol,1
which section are you in?,0
which section are you in?,0
tu pagal hai kya ??,1
haha that was so funny seriously,0
nobody wants you here seriously,1
go away creep seriously,1
abey gadhe seriously,1
abey gadhe ??,1
"add me on whatsapp, 9876543210 yaar",0
thanks for coming along!!,0
what time are the gates opening? .,0
the opening act was amazing!!,0
maine ticket le liya,0
shut up loser seriously,1
kal show pe milte hain lol,0
kal show pe milte hain,0
kal show pe milte hain,0
you are pathetic lol,1
I'll reach by 6 seriously,0
maine ticket le liya,0
bakwas mat kar lol,1
"add me on whatsapp, 9876543210 seriously",0
did you get the tickets? lol,0
maine ticket le liya ,0
what time are the gates opening?!!,0
nobody wants you here seriously,1
get lost you fool,1
mast concert tha yaar,0
what time are the gates opening?,0
let's meet at gate 2 lol,0
send the advance for the ticket to my upi yaar,0
bakwas mat kar ,1
you are so dumb!!,1
which section are you in? ??,0
which section are you in?,0
see you there! yaar,0
which section are you in? lol,0
thanks for coming along .,0
which section are you in? .,0
I'll reach by 6 .,0
thanks for coming along .,0
bhai kitne baje nikalna hai ,0
see you there!!!,0
is parking available at the venue? lol,0
"running 10 min late, sorry ",0
bhai kitne baje nikalna hai!!,0
see you there! lol,0
get lost you fool,1
nobody wants you here yaar,1
I'll reach by 6 seriously,0
maine ticket le liya ,0
you are such an idiot lol,1
"add me on whatsapp, 9876543210 bro",0
"add me on whatsapp, 9876543210 .",0
want to grab food after? lol,0
did you get the tickets? ,0
"worst person ever, get lost ",1
is parking available at the venue? bro,0
thanks for coming along bro,0
"running 10 min late, sorry ??",0
let's meet at gate 2!!,0
send the advance for the ticket to my upi ??,0
maine ticket le liya seriously,0
can we meet near the metro station!!,0
maine ticket le liya ,0
see you there! ??,0
maine ticket le liya ,0
I'll reach by 6 ??,0
want to grab food after? yaar,0
tu pagal hai kya .,1
"add me on whatsapp, 9876543210 seriously",0
did you get the tickets? seriously,0
tu pagal hai kya .,1
did you get the tickets?,0
see you there!,0
haha that was so funny,0
send the advance for the ticket to my upi,0
