km_from,km_to,class,basic_fare
1,150,ac1_lean,1004
151,155,ac1_lean,1004
156,160,ac1_lean,1004
161,165,ac1_lean,1004
166,170,ac1_lean,1004
171,175,ac1_lean,1004
176,180,ac1_lean,1004
181,185,ac1_lean,1004
186,190,ac1_lean,1004
191,195,ac1_lean,1004
196,200,ac1_lean,1004
201,205,ac1_lean,1004
206,210,ac1_lean,1004
211,215,ac1_lean,1004
216,220,ac1_lean,1004
221,225,ac1_lean,1004
226,230,ac1_lean,1004
231,235,ac1_lean,1004
236,240,ac1_lean,1004
241,245,ac1_lean,1004
246,250,ac1_lean,1004
251,255,ac1_lean,1004
256,260,ac1_lean,1004
261,265,ac1_lean,1004
266,270,ac1_lean,1004
271,275,ac1_lean,1004
276,280,ac1_lean,1004
281,285,ac1_lean,1004
286,290,ac1_lean,1004
291,295,ac1_lean,1004
296,300,ac1_lean,1004
301,310,ac1_lean,1129
311,320,ac1_lean,1156
321,330,ac1_lean,1184
331,340,ac1_lean,1211
341,350,ac1_lean,1239
351,360,ac1_lean,1265
361,370,ac1_lean,1291
371,380,ac1_lean,1319
381,390,ac1_lean,1347
391,400,ac1_lean,1373
401,410,ac1_lean,1399
411,420,ac1_lean,1426
421,430,ac1_lean,1453
431,440,ac1_lean,1481
441,450,ac1_lean,1506
451,460,ac1_lean,1533
461,470,ac1_lean,1561
471,480,ac1_lean,1587
481,490,ac1_lean,1616
491,500,ac1_lean,1641
501,510,ac1_lean,1723
511,520,ac1_lean,1748
521,530,ac1_lean,1771
531,540,ac1_lean,1794
541,550,ac1_lean,1818
551,560,ac1_lean,1841
561,570,ac1_lean,1864
571,580,ac1_lean,1889
581,590,ac1_lean,1913
591,600,ac1_lean,1935
601,610,ac1_lean,1959
611,620,ac1_lean,1983
621,630,ac1_lean,2007
631,640,ac1_lean,2031
641,650,ac1_lean,2054
651,660,ac1_lean,2077
661,670,ac1_lean,2101
671,680,ac1_lean,2124
681,690,ac1_lean,2148
691,700,ac1_lean,2171
701,710,ac1_lean,2195
711,720,ac1_lean,2218
721,730,ac1_lean,2242
731,740,ac1_lean,2267
741,750,ac1_lean,2289
751,760,ac1_lean,2309
761,770,ac1_lean,2331
771,780,ac1_lean,2350
781,790,ac1_lean,2370
791,800,ac1_lean,2390
801,810,ac1_lean,2410
811,820,ac1_lean,2430
821,830,ac1_lean,2450
831,840,ac1_lean,2472
841,850,ac1_lean,2491
851,860,ac1_lean,2511
861,870,ac1_lean,2531
871,880,ac1_lean,2551
881,890,ac1_lean,2572
891,900,ac1_lean,2593
901,910,ac1_lean,2611
911,920,ac1_lean,2631
921,930,ac1_lean,2652
931,940,ac1_lean,2674
941,950,ac1_lean,2692
951,960,ac1_lean,2711
961,970,ac1_lean,2733
971,980,ac1_lean,2752
981,990,ac1_lean,2773
991,1000,ac1_lean,2794
1001,1025,ac1_lean,2835
1026,1050,ac1_lean,2877
1051,1075,ac1_lean,2920
1076,1100,ac1_lean,2960
1101,1125,ac1_lean,3003
1126,1150,ac1_lean,3043
1151,1175,ac1_lean,3086
1176,1200,ac1_lean,3128
1201,1225,ac1_lean,3169
1226,1250,ac1_lean,3211
1251,1275,ac1_lean,3255
1276,1300,ac1_lean,3294
1301,1325,ac1_lean,3338
1326,1350,ac1_lean,3378
1351,1375,ac1_lean,3421
1376,1400,ac1_lean,3462
1401,1425,ac1_lean,3505
1426,1450,ac1_lean,3545
1451,1475,ac1_lean,3589
1476,1500,ac1_lean,3628
1501,1525,ac1_lean,3672
1526,1550,ac1_lean,3712
1551,1575,ac1_lean,3755
1576,1600,ac1_lean,3796
1601,1625,ac1_lean,3839
1626,1650,ac1_lean,3879
1651,1675,ac1_lean,3923
1676,1700,ac1_lean,3963
1701,1725,ac1_lean,4006
1726,1750,ac1_lean,4046
1751,1775,ac1_lean,4089
1776,1800,ac1_lean,4130
1801,1825,ac1_lean,4173
1826,1850,ac1_lean,4213
1851,1875,ac1_lean,4256
1876,1900,ac1_lean,4297
1901,1925,ac1_lean,4340
1926,1950,ac1_lean,4380
1951,1975,ac1_lean,4423
1976,2000,ac1_lean,4464
2001,2025,ac1_lean,4495
2026,2050,ac1_lean,4519
2051,2075,ac1_lean,4548
2076,2100,ac1_lean,4574
2101,2125,ac1_lean,4604
2126,2150,ac1_lean,4629
2151,2175,ac1_lean,4658
2176,2200,ac1_lean,4683
2201,2225,ac1_lean,4714
2226,2250,ac1_lean,4738
2251,2275,ac1_lean,4768
2276,2300,ac1_lean,4794
2301,2325,ac1_lean,4823
2326,2350,ac1_lean,4848
2351,2375,ac1_lean,4877
2376,2400,ac1_lean,4904
2401,2425,ac1_lean,4933
2426,2450,ac1_lean,4957
2451,2475,ac1_lean,4989
2476,2500,ac1_lean,5014
2501,2550,ac1_lean,5068
2551,2600,ac1_lean,5124
2601,2650,ac1_lean,5178
2651,2700,ac1_lean,5234
2701,2750,ac1_lean,5287
2751,2800,ac1_lean,5343
2801,2850,ac1_lean,5397
2851,2900,ac1_lean,5453
2901,2950,ac1_lean,5507
2951,3000,ac1_lean,5563
3001,3050,ac1_lean,5616
3051,3100,ac1_lean,5673
3101,3150,ac1_lean,5728
3151,3200,ac1_lean,5783
3201,3250,ac1_lean,5838
3251,3300,ac1_lean,5892
3301,3350,ac1_lean,5947
3351,3400,ac1_lean,6002
3401,3450,ac1_lean,6057
3451,3500,ac1_lean,6112
3501,3550,ac1_lean,6167
3551,3600,ac1_lean,6222
3601,3650,ac1_lean,6277
3651,3700,ac1_lean,6332
3701,3750,ac1_lean,6387
3751,3800,ac1_lean,6443
3801,3850,ac1_lean,6497
3851,3900,ac1_lean,6552
3901,3950,ac1_lean,6606
3951,4000,ac1_lean,6662
4001,4050,ac1_lean,6716
4051,4100,ac1_lean,6773
4101,4150,ac1_lean,6826
4151,4200,ac1_lean,6882
4201,4250,ac1_lean,6936
4251,4300,ac1_lean,6992
4301,4350,ac1_lean,7046
4351,4400,ac1_lean,7102
4401,4450,ac1_lean,7155
4451,4500,ac1_lean,7211
4501,4550,ac1_lean,7265
4551,4600,ac1_lean,7321
4601,4650,ac1_lean,7377
4651,4700,ac1_lean,7431
4701,4750,ac1_lean,7486
4751,4800,ac1_lean,7541
4801,4850,ac1_lean,7596
4851,4900,ac1_lean,7651
4901,4950,ac1_lean,7706
4951,5000,ac1_lean,7760
1,150,ac1_peak,1065
151,155,ac1_peak,1065
156,160,ac1_peak,1065
161,165,ac1_peak,1065
166,170,ac1_peak,1065
171,175,ac1_peak,1065
176,180,ac1_peak,1065
181,185,ac1_peak,1065
186,190,ac1_peak,1065
191,195,ac1_peak,1065
196,200,ac1_peak,1065
201,205,ac1_peak,1065
206,210,ac1_peak,1065
211,215,ac1_peak,1065
216,220,ac1_peak,1065
221,225,ac1_peak,1065
226,230,ac1_peak,1065
231,235,ac1_peak,1065
236,240,ac1_peak,1065
241,245,ac1_peak,1065
246,250,ac1_peak,1065
251,255,ac1_peak,1065
256,260,ac1_peak,1065
261,265,ac1_peak,1065
266,270,ac1_peak,1065
271,275,ac1_peak,1065
276,280,ac1_peak,1065
281,285,ac1_peak,1065
286,290,ac1_peak,1065
291,295,ac1_peak,1065
296,300,ac1_peak,1065
301,310,ac1_peak,1196
311,320,ac1_peak,1227
321,330,ac1_peak,1256
331,340,ac1_peak,1284
341,350,ac1_peak,1314
351,360,ac1_peak,1340
361,370,ac1_peak,1370
371,380,ac1_peak,1399
381,390,ac1_peak,1428
391,400,ac1_peak,1455
401,410,ac1_peak,1484
411,420,ac1_peak,1512
421,430,ac1_peak,1542
431,440,ac1_peak,1571
441,450,ac1_peak,1598
451,460,ac1_peak,1626
461,470,ac1_peak,1655
471,480,ac1_peak,1685
481,490,ac1_peak,1712
491,500,ac1_peak,1741
501,510,ac1_peak,1824
511,520,ac1_peak,1850
521,530,ac1_peak,1875
531,540,ac1_peak,1900
541,550,ac1_peak,1924
551,560,ac1_peak,1950
561,570,ac1_peak,1975
571,580,ac1_peak,1999
581,590,ac1_peak,2026
591,600,ac1_peak,2049
601,610,ac1_peak,2075
611,620,ac1_peak,2099
621,630,ac1_peak,2125
631,640,ac1_peak,2151
641,650,ac1_peak,2175
651,660,ac1_peak,2200
661,670,ac1_peak,2223
671,680,ac1_peak,2249
681,690,ac1_peak,2274
691,700,ac1_peak,2298
701,710,ac1_peak,2321
711,720,ac1_peak,2349
721,730,ac1_peak,2373
731,740,ac1_peak,2399
741,750,ac1_peak,2423
751,760,ac1_peak,2444
761,770,ac1_peak,2467
771,780,ac1_peak,2487
781,790,ac1_peak,2509
791,800,ac1_peak,2531
801,810,ac1_peak,2550
811,820,ac1_peak,2571
821,830,ac1_peak,2594
831,840,ac1_peak,2616
841,850,ac1_peak,2636
851,860,ac1_peak,2658
861,870,ac1_peak,2679
871,880,ac1_peak,2699
881,890,ac1_peak,2722
891,900,ac1_peak,2743
901,910,ac1_peak,2764
911,920,ac1_peak,2783
921,930,ac1_peak,2806
931,940,ac1_peak,2827
941,950,ac1_peak,2850
951,960,ac1_peak,2870
961,970,ac1_peak,2890
971,980,ac1_peak,2914
981,990,ac1_peak,2933
991,1000,ac1_peak,2955
1001,1025,ac1_peak,3002
1026,1050,ac1_peak,3044
1051,1075,ac1_peak,3088
1076,1100,ac1_peak,3131
1101,1125,ac1_peak,3177
1126,1150,ac1_peak,3218
1151,1175,ac1_peak,3264
1176,1200,ac1_peak,3308
1201,1225,ac1_peak,3352
1226,1250,ac1_peak,3394
1251,1275,ac1_peak,3440
1276,1300,ac1_peak,3482
1301,1325,ac1_peak,3527
1326,1350,ac1_peak,3571
1351,1375,ac1_peak,3616
1376,1400,ac1_peak,3659
1401,1425,ac1_peak,3703
1426,1450,ac1_peak,3744
1451,1475,ac1_peak,3791
1476,1500,ac1_peak,3833
1501,1525,ac1_peak,3879
1526,1550,ac1_peak,3921
1551,1575,ac1_peak,3968
1576,1600,ac1_peak,4008
1601,1625,ac1_peak,4055
1626,1650,ac1_peak,4097
1651,1675,ac1_peak,4142
1676,1700,ac1_peak,4185
1701,1725,ac1_peak,4231
1726,1750,ac1_peak,4272
1751,1775,ac1_peak,4318
1776,1800,ac1_peak,4360
1801,1825,ac1_peak,4405
1826,1850,ac1_peak,4448
1851,1875,ac1_peak,4494
1876,1900,ac1_peak,4536
1901,1925,ac1_peak,4581
1926,1950,ac1_peak,4625
1951,1975,ac1_peak,4668
1976,2000,ac1_peak,4712
2001,2025,ac1_peak,4742
2026,2050,ac1_peak,4769
2051,2075,ac1_peak,4799
2076,2100,ac1_peak,4826
2101,2125,ac1_peak,4856
2126,2150,ac1_peak,4883
2151,2175,ac1_peak,4914
2176,2200,ac1_peak,4939
2201,2225,ac1_peak,4969
2226,2250,ac1_peak,4997
2251,2275,ac1_peak,5028
2276,2300,ac1_peak,5054
2301,2325,ac1_peak,5086
2326,2350,ac1_peak,5111
2351,2375,ac1_peak,5143
2376,2400,ac1_peak,5168
2401,2425,ac1_peak,5198
2426,2450,ac1_peak,5225
2451,2475,ac1_peak,5256
2476,2500,ac1_peak,5283
2501,2550,ac1_peak,5340
2551,2600,ac1_peak,5397
2601,2650,ac1_peak,5454
2651,2700,ac1_peak,5511
2701,2750,ac1_peak,5568
2751,2800,ac1_peak,5624
2801,2850,ac1_peak,5683
2851,2900,ac1_peak,5741
2901,2950,ac1_peak,5796
2951,3000,ac1_peak,5853
3001,3050,ac1_peak,5910
3051,3100,ac1_peak,5969
3101,3150,ac1_peak,6024
3151,3200,ac1_peak,6083
3201,3250,ac1_peak,6139
3251,3300,ac1_peak,6197
3301,3350,ac1_peak,6252
3351,3400,ac1_peak,6311
3401,3450,ac1_peak,6368
3451,3500,ac1_peak,6425
3501,3550,ac1_peak,6481
3551,3600,ac1_peak,6538
3601,3650,ac1_peak,6597
3651,3700,ac1_peak,6653
3701,3750,ac1_peak,6710
3751,3800,ac1_peak,6767
3801,3850,ac1_peak,6825
3851,3900,ac1_peak,6881
3901,3950,ac1_peak,6939
3951,4000,ac1_peak,6996
4001,4050,ac1_peak,7054
4051,4100,ac1_peak,7110
4101,4150,ac1_peak,7167
4151,4200,ac1_peak,7225
4201,4250,ac1_peak,7281
4251,4300,ac1_peak,7338
4301,4350,ac1_peak,7395
4351,4400,ac1_peak,7453
4401,4450,ac1_peak,7509
4451,4500,ac1_peak,7567
4501,4550,ac1_peak,7624
4551,4600,ac1_peak,7680
4601,4650,ac1_peak,7737
4651,4700,ac1_peak,7795
4701,4750,ac1_peak,7853
4751,4800,ac1_peak,7910
4801,4850,ac1_peak,7966
4851,4900,ac1_peak,8023
4901,4950,ac1_peak,8079
4951,5000,ac1_peak,8136
1,150,ac2_lean,611
151,155,ac2_lean,611
156,160,ac2_lean,611
161,165,ac2_lean,611
166,170,ac2_lean,611
171,175,ac2_lean,611
176,180,ac2_lean,611
181,185,ac2_lean,611
186,190,ac2_lean,611
191,195,ac2_lean,611
196,200,ac2_lean,611
201,205,ac2_lean,611
206,210,ac2_lean,611
211,215,ac2_lean,611
216,220,ac2_lean,611
221,225,ac2_lean,611
226,230,ac2_lean,611
231,235,ac2_lean,611
236,240,ac2_lean,611
241,245,ac2_lean,611
246,250,ac2_lean,611
251,255,ac2_lean,611
256,260,ac2_lean,611
261,265,ac2_lean,611
266,270,ac2_lean,611
271,275,ac2_lean,611
276,280,ac2_lean,611
281,285,ac2_lean,611
286,290,ac2_lean,611
291,295,ac2_lean,611
296,300,ac2_lean,611
301,310,ac2_lean,687
311,320,ac2_lean,704
321,330,ac2_lean,722
331,340,ac2_lean,736
341,350,ac2_lean,752
351,360,ac2_lean,767
361,370,ac2_lean,786
371,380,ac2_lean,800
381,390,ac2_lean,817
391,400,ac2_lean,832
401,410,ac2_lean,849
411,420,ac2_lean,865
421,430,ac2_lean,881
431,440,ac2_lean,897
441,450,ac2_lean,913
451,460,ac2_lean,929
461,470,ac2_lean,945
471,480,ac2_lean,961
481,490,ac2_lean,978
491,500,ac2_lean,993
501,510,ac2_lean,1054
511,520,ac2_lean,1068
521,530,ac2_lean,1083
531,540,ac2_lean,1096
541,550,ac2_lean,1110
551,560,ac2_lean,1124
561,570,ac2_lean,1139
571,580,ac2_lean,1153
581,590,ac2_lean,1167
591,600,ac2_lean,1181
601,610,ac2_lean,1194
611,620,ac2_lean,1209
621,630,ac2_lean,1223
631,640,ac2_lean,1237
641,650,ac2_lean,1251
651,660,ac2_lean,1264
661,670,ac2_lean,1278
671,680,ac2_lean,1291
681,690,ac2_lean,1307
691,700,ac2_lean,1321
701,710,ac2_lean,1335
711,720,ac2_lean,1348
721,730,ac2_lean,1362
731,740,ac2_lean,1378
741,750,ac2_lean,1392
751,760,ac2_lean,1402
761,770,ac2_lean,1416
771,780,ac2_lean,1426
781,790,ac2_lean,1440
791,800,ac2_lean,1451
801,810,ac2_lean,1464
811,820,ac2_lean,1475
821,830,ac2_lean,1487
831,840,ac2_lean,1499
841,850,ac2_lean,1511
851,860,ac2_lean,1522
861,870,ac2_lean,1535
871,880,ac2_lean,1547
881,890,ac2_lean,1560
891,900,ac2_lean,1571
901,910,ac2_lean,1582
911,920,ac2_lean,1595
921,930,ac2_lean,1607
931,940,ac2_lean,1619
941,950,ac2_lean,1631
951,960,ac2_lean,1641
961,970,ac2_lean,1655
971,980,ac2_lean,1666
981,990,ac2_lean,1680
991,1000,ac2_lean,1690
1001,1025,ac2_lean,1717
1026,1050,ac2_lean,1740
1051,1075,ac2_lean,1766
1076,1100,ac2_lean,1790
1101,1125,ac2_lean,1815
1126,1150,ac2_lean,1840
1151,1175,ac2_lean,1866
1176,1200,ac2_lean,1889
1201,1225,ac2_lean,1915
1226,1250,ac2_lean,1939
1251,1275,ac2_lean,1965
1276,1300,ac2_lean,1987
1301,1325,ac2_lean,2013
1326,1350,ac2_lean,2037
1351,1375,ac2_lean,2063
1376,1400,ac2_lean,2086
1401,1425,ac2_lean,2112
1426,1450,ac2_lean,2137
1451,1475,ac2_lean,2162
1476,1500,ac2_lean,2186
1501,1525,ac2_lean,2212
1526,1550,ac2_lean,2235
1551,1575,ac2_lean,2262
1576,1600,ac2_lean,2285
1601,1625,ac2_lean,2310
1626,1650,ac2_lean,2335
1651,1675,ac2_lean,2362
1676,1700,ac2_lean,2386
1701,1725,ac2_lean,2410
1726,1750,ac2_lean,2434
1751,1775,ac2_lean,2461
1776,1800,ac2_lean,2483
1801,1825,ac2_lean,2509
1826,1850,ac2_lean,2534
1851,1875,ac2_lean,2559
1876,1900,ac2_lean,2582
1901,1925,ac2_lean,2609
1926,1950,ac2_lean,2633
1951,1975,ac2_lean,2659
1976,2000,ac2_lean,2682
2001,2025,ac2_lean,2698
2026,2050,ac2_lean,2714
2051,2075,ac2_lean,2733
2076,2100,ac2_lean,2746
2101,2125,ac2_lean,2763
2126,2150,ac2_lean,2779
2151,2175,ac2_lean,2797
2176,2200,ac2_lean,2811
2201,2225,ac2_lean,2828
2226,2250,ac2_lean,2844
2251,2275,ac2_lean,2860
2276,2300,ac2_lean,2876
2301,2325,ac2_lean,2893
2326,2350,ac2_lean,2909
2351,2375,ac2_lean,2926
2376,2400,ac2_lean,2941
2401,2425,ac2_lean,2958
2426,2450,ac2_lean,2973
2451,2475,ac2_lean,2990
2476,2500,ac2_lean,3007
2501,2550,ac2_lean,3039
2551,2600,ac2_lean,3071
2601,2650,ac2_lean,3103
2651,2700,ac2_lean,3135
2701,2750,ac2_lean,3168
2751,2800,ac2_lean,3200
2801,2850,ac2_lean,3234
2851,2900,ac2_lean,3265
2901,2950,ac2_lean,3298
2951,3000,ac2_lean,3329
3001,3050,ac2_lean,3364
3051,3100,ac2_lean,3394
3101,3150,ac2_lean,3428
3151,3200,ac2_lean,3459
3201,3250,ac2_lean,3492
3251,3300,ac2_lean,3525
3301,3350,ac2_lean,3557
3351,3400,ac2_lean,3590
3401,3450,ac2_lean,3621
3451,3500,ac2_lean,3654
3501,3550,ac2_lean,3686
3551,3600,ac2_lean,3719
3601,3650,ac2_lean,3752
3651,3700,ac2_lean,3784
3701,3750,ac2_lean,3816
3751,3800,ac2_lean,3848
3801,3850,ac2_lean,3882
3851,3900,ac2_lean,3914
3901,3950,ac2_lean,3946
3951,4000,ac2_lean,3979
4001,4050,ac2_lean,4011
4051,4100,ac2_lean,4043
4101,4150,ac2_lean,4076
4151,4200,ac2_lean,4108
4201,4250,ac2_lean,4140
4251,4300,ac2_lean,4172
4301,4350,ac2_lean,4207
4351,4400,ac2_lean,4238
4401,4450,ac2_lean,4271
4451,4500,ac2_lean,4302
4501,4550,ac2_lean,4336
4551,4600,ac2_lean,4366
4601,4650,ac2_lean,4401
4651,4700,ac2_lean,4432
4701,4750,ac2_lean,4465
4751,4800,ac2_lean,4497
4801,4850,ac2_lean,4530
4851,4900,ac2_lean,4563
4901,4950,ac2_lean,4594
4951,5000,ac2_lean,4627
1,150,ac2_peak,631
151,155,ac2_peak,631
156,160,ac2_peak,631
161,165,ac2_peak,631
166,170,ac2_peak,631
171,175,ac2_peak,631
176,180,ac2_peak,631
181,185,ac2_peak,631
186,190,ac2_peak,631
191,195,ac2_peak,631
196,200,ac2_peak,631
201,205,ac2_peak,631
206,210,ac2_peak,631
211,215,ac2_peak,631
216,220,ac2_peak,631
221,225,ac2_peak,631
226,230,ac2_peak,631
231,235,ac2_peak,631
236,240,ac2_peak,631
241,245,ac2_peak,631
246,250,ac2_peak,631
251,255,ac2_peak,631
256,260,ac2_peak,631
261,265,ac2_peak,631
266,270,ac2_peak,631
271,275,ac2_peak,631
276,280,ac2_peak,631
281,285,ac2_peak,631
286,290,ac2_peak,631
291,295,ac2_peak,631
296,300,ac2_peak,631
301,310,ac2_peak,710
311,320,ac2_peak,728
321,330,ac2_peak,745
331,340,ac2_peak,761
341,350,ac2_peak,778
351,360,ac2_peak,794
361,370,ac2_peak,811
371,380,ac2_peak,826
381,390,ac2_peak,845
391,400,ac2_peak,860
401,410,ac2_peak,877
411,420,ac2_peak,893
421,430,ac2_peak,911
431,440,ac2_peak,928
441,450,ac2_peak,943
451,460,ac2_peak,959
461,470,ac2_peak,977
471,480,ac2_peak,995
481,490,ac2_peak,1011
491,500,ac2_peak,1026
501,510,ac2_peak,1088
511,520,ac2_peak,1103
521,530,ac2_peak,1118
531,540,ac2_peak,1132
541,550,ac2_peak,1145
551,560,ac2_peak,1160
561,570,ac2_peak,1177
571,580,ac2_peak,1190
581,590,ac2_peak,1205
591,600,ac2_peak,1217
601,610,ac2_peak,1233
611,620,ac2_peak,1248
621,630,ac2_peak,1263
631,640,ac2_peak,1276
641,650,ac2_peak,1291
651,660,ac2_peak,1304
661,670,ac2_peak,1321
671,680,ac2_peak,1334
681,690,ac2_peak,1349
691,700,ac2_peak,1363
701,710,ac2_peak,1378
711,720,ac2_peak,1393
721,730,ac2_peak,1406
731,740,ac2_peak,1421
741,750,ac2_peak,1436
751,760,ac2_peak,1448
761,770,ac2_peak,1462
771,780,ac2_peak,1474
781,790,ac2_peak,1486
791,800,ac2_peak,1497
801,810,ac2_peak,1510
811,820,ac2_peak,1522
821,830,ac2_peak,1535
831,840,ac2_peak,1548
841,850,ac2_peak,1559
851,860,ac2_peak,1571
861,870,ac2_peak,1584
871,880,ac2_peak,1596
881,890,ac2_peak,1610
891,900,ac2_peak,1621
901,910,ac2_peak,1632
911,920,ac2_peak,1646
921,930,ac2_peak,1658
931,940,ac2_peak,1671
941,950,ac2_peak,1683
951,960,ac2_peak,1694
961,970,ac2_peak,1707
971,980,ac2_peak,1719
981,990,ac2_peak,1733
991,1000,ac2_peak,1743
1001,1025,ac2_peak,1770
1026,1050,ac2_peak,1794
1051,1075,ac2_peak,1822
1076,1100,ac2_peak,1847
1101,1125,ac2_peak,1872
1126,1150,ac2_peak,1897
1151,1175,ac2_peak,1925
1176,1200,ac2_peak,1948
1201,1225,ac2_peak,1975
1226,1250,ac2_peak,2000
1251,1275,ac2_peak,2026
1276,1300,ac2_peak,2050
1301,1325,ac2_peak,2078
1326,1350,ac2_peak,2102
1351,1375,ac2_peak,2128
1376,1400,ac2_peak,2153
1401,1425,ac2_peak,2180
1426,1450,ac2_peak,2203
1451,1475,ac2_peak,2230
1476,1500,ac2_peak,2255
1501,1525,ac2_peak,2280
1526,1550,ac2_peak,2305
1551,1575,ac2_peak,2334
1576,1600,ac2_peak,2357
1601,1625,ac2_peak,2384
1626,1650,ac2_peak,2409
1651,1675,ac2_peak,2435
1676,1700,ac2_peak,2458
1701,1725,ac2_peak,2485
1726,1750,ac2_peak,2509
1751,1775,ac2_peak,2535
1776,1800,ac2_peak,2560
1801,1825,ac2_peak,2588
1826,1850,ac2_peak,2610
1851,1875,ac2_peak,2638
1876,1900,ac2_peak,2663
1901,1925,ac2_peak,2688
1926,1950,ac2_peak,2713
1951,1975,ac2_peak,2740
1976,2000,ac2_peak,2764
2001,2025,ac2_peak,2781
2026,2050,ac2_peak,2798
2051,2075,ac2_peak,2816
2076,2100,ac2_peak,2829
2101,2125,ac2_peak,2848
2126,2150,ac2_peak,2865
2151,2175,ac2_peak,2881
2176,2200,ac2_peak,2897
2201,2225,ac2_peak,2915
2226,2250,ac2_peak,2930
2251,2275,ac2_peak,2949
2276,2300,ac2_peak,2963
2301,2325,ac2_peak,2980
2326,2350,ac2_peak,2998
2351,2375,ac2_peak,3014
2376,2400,ac2_peak,3029
2401,2425,ac2_peak,3046
2426,2450,ac2_peak,3064
2451,2475,ac2_peak,3082
2476,2500,ac2_peak,3095
2501,2550,ac2_peak,3128
2551,2600,ac2_peak,3163
2601,2650,ac2_peak,3195
2651,2700,ac2_peak,3228
2701,2750,ac2_peak,3260
2751,2800,ac2_peak,3294
2801,2850,ac2_peak,3328
2851,2900,ac2_peak,3360
2901,2950,ac2_peak,3394
2951,3000,ac2_peak,3427
3001,3050,ac2_peak,3460
3051,3100,ac2_peak,3494
3101,3150,ac2_peak,3527
3151,3200,ac2_peak,3559
3201,3250,ac2_peak,3593
3251,3300,ac2_peak,3626
3301,3350,ac2_peak,3659
3351,3400,ac2_peak,3693
3401,3450,ac2_peak,3725
3451,3500,ac2_peak,3759
3501,3550,ac2_peak,3792
3551,3600,ac2_peak,3825
3601,3650,ac2_peak,3858
3651,3700,ac2_peak,3889
3701,3750,ac2_peak,3925
3751,3800,ac2_peak,3957
3801,3850,ac2_peak,3990
3851,3900,ac2_peak,4023
3901,3950,ac2_peak,4056
3951,4000,ac2_peak,4089
4001,4050,ac2_peak,4124
4051,4100,ac2_peak,4154
4101,4150,ac2_peak,4189
4151,4200,ac2_peak,4223
4201,4250,ac2_peak,4255
4251,4300,ac2_peak,4288
4301,4350,ac2_peak,4323
4351,4400,ac2_peak,4354
4401,4450,ac2_peak,4389
4451,4500,ac2_peak,4422
4501,4550,ac2_peak,4455
4551,4600,ac2_peak,4487
4601,4650,ac2_peak,4523
4651,4700,ac2_peak,4554
4701,4750,ac2_peak,4586
4751,4800,ac2_peak,4620
4801,4850,ac2_peak,4653
4851,4900,ac2_peak,4684
4901,4950,ac2_peak,4719
4951,5000,ac2_peak,4753
1,150,ac3,446
151,155,ac3,446
156,160,ac3,446
161,165,ac3,446
166,170,ac3,446
171,175,ac3,446
176,180,ac3,446
181,185,ac3,446
186,190,ac3,446
191,195,ac3,446
196,200,ac3,446
201,205,ac3,446
206,210,ac3,446
211,215,ac3,446
216,220,ac3,446
221,225,ac3,446
226,230,ac3,446
231,235,ac3,446
236,240,ac3,446
241,245,ac3,446
246,250,ac3,446
251,255,ac3,446
256,260,ac3,446
261,265,ac3,446
266,270,ac3,446
271,275,ac3,446
276,280,ac3,446
281,285,ac3,446
286,290,ac3,446
291,295,ac3,446
296,300,ac3,446
301,310,ac3,498
311,320,ac3,510
321,330,ac3,523
331,340,ac3,535
341,350,ac3,547
351,360,ac3,557
361,370,ac3,569
371,380,ac3,580
381,390,ac3,592
391,400,ac3,604
401,410,ac3,615
411,420,ac3,626
421,430,ac3,638
431,440,ac3,651
441,450,ac3,661
451,460,ac3,674
461,470,ac3,685
471,480,ac3,696
481,490,ac3,707
491,500,ac3,718
501,510,ac3,763
511,520,ac3,773
521,530,ac3,784
531,540,ac3,796
541,550,ac3,805
551,560,ac3,813
561,570,ac3,823
571,580,ac3,834
581,590,ac3,845
591,600,ac3,854
601,610,ac3,865
611,620,ac3,873
621,630,ac3,884
631,640,ac3,895
641,650,ac3,904
651,660,ac3,914
661,670,ac3,923
671,680,ac3,934
681,690,ac3,945
691,700,ac3,954
701,710,ac3,964
711,720,ac3,974
721,730,ac3,983
731,740,ac3,995
741,750,ac3,1005
751,760,ac3,1012
761,770,ac3,1021
771,780,ac3,1029
781,790,ac3,1038
791,800,ac3,1046
801,810,ac3,1054
811,820,ac3,1064
821,830,ac3,1074
831,840,ac3,1081
841,850,ac3,1088
851,860,ac3,1097
861,870,ac3,1105
871,880,ac3,1114
881,890,ac3,1124
891,900,ac3,1131
901,910,ac3,1139
911,920,ac3,1149
921,930,ac3,1156
931,940,ac3,1165
941,950,ac3,1173
951,960,ac3,1181
961,970,ac3,1190
971,980,ac3,1199
981,990,ac3,1209
991,1000,ac3,1216
1001,1025,ac3,1234
1026,1050,ac3,1250
1051,1075,ac3,1269
1076,1100,ac3,1286
1101,1125,ac3,1302
1126,1150,ac3,1319
1151,1175,ac3,1338
1176,1200,ac3,1354
1201,1225,ac3,1373
1226,1250,ac3,1388
1251,1275,ac3,1407
1276,1300,ac3,1424
1301,1325,ac3,1441
1326,1350,ac3,1457
1351,1375,ac3,1476
1376,1400,ac3,1492
1401,1425,ac3,1511
1426,1450,ac3,1528
1451,1475,ac3,1545
1476,1500,ac3,1562
1501,1525,ac3,1579
1526,1550,ac3,1597
1551,1575,ac3,1615
1576,1600,ac3,1630
1601,1625,ac3,1649
1626,1650,ac3,1666
1651,1675,ac3,1683
1676,1700,ac3,1700
1701,1725,ac3,1718
1726,1750,ac3,1735
1751,1775,ac3,1753
1776,1800,ac3,1768
1801,1825,ac3,1787
1826,1850,ac3,1804
1851,1875,ac3,1821
1876,1900,ac3,1838
1901,1925,ac3,1856
1926,1950,ac3,1873
1951,1975,ac3,1892
1976,2000,ac3,1908
2001,2025,ac3,1919
2026,2050,ac3,1928
2051,2075,ac3,1941
2076,2100,ac3,1951
2101,2125,ac3,1962
2126,2150,ac3,1973
2151,2175,ac3,1985
2176,2200,ac3,1995
2201,2225,ac3,2007
2226,2250,ac3,2014
2251,2275,ac3,2027
2276,2300,ac3,2037
2301,2325,ac3,2049
2326,2350,ac3,2060
2351,2375,ac3,2072
2376,2400,ac3,2081
2401,2425,ac3,2093
2426,2450,ac3,2102
2451,2475,ac3,2114
2476,2500,ac3,2125
2501,2550,ac3,2146
2551,2600,ac3,2168
2601,2650,ac3,2190
2651,2700,ac3,2211
2701,2750,ac3,2233
2751,2800,ac3,2255
2801,2850,ac3,2276
2851,2900,ac3,2299
2901,2950,ac3,2319
2951,3000,ac3,2342
3001,3050,ac3,2363
3051,3100,ac3,2385
3101,3150,ac3,2407
3151,3200,ac3,2428
3201,3250,ac3,2449
3251,3300,ac3,2472
3301,3350,ac3,2494
3351,3400,ac3,2515
3401,3450,ac3,2536
3451,3500,ac3,2559
3501,3550,ac3,2581
3551,3600,ac3,2601
3601,3650,ac3,2622
3651,3700,ac3,2646
3701,3750,ac3,2667
3751,3800,ac3,2688
3801,3850,ac3,2710
3851,3900,ac3,2732
3901,3950,ac3,2754
3951,4000,ac3,2777
4001,4050,ac3,2796
4051,4100,ac3,2819
4101,4150,ac3,2842
4151,4200,ac3,2869
4201,4250,ac3,2897
4251,4300,ac3,2925
4301,4350,ac3,2952
4351,4400,ac3,2980
4401,4450,ac3,3013
4451,4500,ac3,3038
4501,4550,ac3,3065
4551,4600,ac3,3091
4601,4650,ac3,3120
4651,4700,ac3,3148
4701,4750,ac3,3174
4751,4800,ac3,3204
4801,4850,ac3,3230
4851,4900,ac3,3261
4901,4950,ac3,3292
4951,5000,ac3,3313
1,150,ac3e,446
151,155,ac3e,446
156,160,ac3e,446
161,165,ac3e,446
166,170,ac3e,446
171,175,ac3e,446
176,180,ac3e,446
181,185,ac3e,446
186,190,ac3e,446
191,195,ac3e,446
196,200,ac3e,446
201,205,ac3e,446
206,210,ac3e,446
211,215,ac3e,446
216,220,ac3e,446
221,225,ac3e,446
226,230,ac3e,446
231,235,ac3e,446
236,240,ac3e,446
241,245,ac3e,446
246,250,ac3e,446
251,255,ac3e,446
256,260,ac3e,446
261,265,ac3e,446
266,270,ac3e,446
271,275,ac3e,446
276,280,ac3e,446
281,285,ac3e,446
286,290,ac3e,446
291,295,ac3e,446
296,300,ac3e,446
301,310,ac3e,455
311,320,ac3e,467
321,330,ac3e,478
331,340,ac3e,490
341,350,ac3e,499
351,360,ac3e,511
361,370,ac3e,521
371,380,ac3e,534
381,390,ac3e,541
391,400,ac3e,548
401,410,ac3e,560
411,420,ac3e,572
421,430,ac3e,588
431,440,ac3e,597
441,450,ac3e,605
451,460,ac3e,617
461,470,ac3e,626
471,480,ac3e,639
481,490,ac3e,651
491,500,ac3e,661
501,510,ac3e,697
511,520,ac3e,709
521,530,ac3e,717
531,540,ac3e,727
541,550,ac3e,736
551,560,ac3e,741
561,570,ac3e,751
571,580,ac3e,764
581,590,ac3e,773
591,600,ac3e,778
601,610,ac3e,790
611,620,ac3e,800
621,630,ac3e,808
631,640,ac3e,825
641,650,ac3e,829
651,660,ac3e,839
661,670,ac3e,849
671,680,ac3e,859
681,690,ac3e,866
691,700,ac3e,874
701,710,ac3e,888
711,720,ac3e,895
721,730,ac3e,906
731,740,ac3e,915
741,750,ac3e,923
751,760,ac3e,927
761,770,ac3e,937
771,780,ac3e,945
781,790,ac3e,955
791,800,ac3e,960
801,810,ac3e,972
811,820,ac3e,979
821,830,ac3e,987
831,840,ac3e,999
841,850,ac3e,1004
851,860,ac3e,1013
861,870,ac3e,1021
871,880,ac3e,1031
881,890,ac3e,1038
891,900,ac3e,1043
901,910,ac3e,1050
911,920,ac3e,1060
921,930,ac3e,1068
931,940,ac3e,1075
941,950,ac3e,1083
951,960,ac3e,1092
961,970,ac3e,1102
971,980,ac3e,1110
981,990,ac3e,1120
991,1000,ac3e,1122
1001,1025,ac3e,1142
1026,1050,ac3e,1159
1051,1075,ac3e,1177
1076,1100,ac3e,1191
1101,1125,ac3e,1214
1126,1150,ac3e,1226
1151,1175,ac3e,1246
1176,1200,ac3e,1258
1201,1225,ac3e,1281
1226,1250,ac3e,1293
1251,1275,ac3e,1315
1276,1300,ac3e,1327
1301,1325,ac3e,1347
1326,1350,ac3e,1359
1351,1375,ac3e,1380
1376,1400,ac3e,1394
1401,1425,ac3e,1414
1426,1450,ac3e,1429
1451,1475,ac3e,1446
1476,1500,ac3e,1461
1501,1525,ac3e,1481
1526,1550,ac3e,1498
1551,1575,ac3e,1518
1576,1600,ac3e,1530
1601,1625,ac3e,1550
1626,1650,ac3e,1562
1651,1675,ac3e,1582
1676,1700,ac3e,1594
1701,1725,ac3e,1617
1726,1750,ac3e,1629
1751,1775,ac3e,1649
1776,1800,ac3e,1664
1801,1825,ac3e,1686
1826,1850,ac3e,1701
1851,1875,ac3e,1718
1876,1900,ac3e,1733
1901,1925,ac3e,1753
1926,1950,ac3e,1765
1951,1975,ac3e,1783
1976,2000,ac3e,1797
2001,2025,ac3e,1815
2026,2050,ac3e,1825
2051,2075,ac3e,1838
2076,2100,ac3e,1845
2101,2125,ac3e,1860
2126,2150,ac3e,1867
2151,2175,ac3e,1883
2176,2200,ac3e,1892
2201,2225,ac3e,1905
2226,2250,ac3e,1913
2251,2275,ac3e,1928
2276,2300,ac3e,1935
2301,2325,ac3e,1951
2326,2350,ac3e,1960
2351,2375,ac3e,1973
2376,2400,ac3e,1985
2401,2425,ac3e,1998
2426,2450,ac3e,2005
2451,2475,ac3e,2023
2476,2500,ac3e,2028
2501,2550,ac3e,2051
2551,2600,ac3e,2071
2601,2650,ac3e,2096
2651,2700,ac3e,2118
2701,2750,ac3e,2139
2751,2800,ac3e,2164
2801,2850,ac3e,2189
2851,2900,ac3e,2211
2901,2950,ac3e,2234
2951,3000,ac3e,2256
3001,3050,ac3e,2279
3051,3100,ac3e,2302
3101,3150,ac3e,2322
3151,3200,ac3e,2344
3201,3250,ac3e,2369
3251,3300,ac3e,2392
3301,3350,ac3e,2415
3351,3400,ac3e,2440
3401,3450,ac3e,2460
3451,3500,ac3e,2482
3501,3550,ac3e,2507
3551,3600,ac3e,2528
3601,3650,ac3e,2553
3651,3700,ac3e,2578
3701,3750,ac3e,2595
3751,3800,ac3e,2618
3801,3850,ac3e,2641
3851,3900,ac3e,2666
3901,3950,ac3e,2686
3951,4000,ac3e,2711
4001,4050,ac3e,2736
4051,4100,ac3e,2756
4101,4150,ac3e,2779
4151,4200,ac3e,2804
4201,4250,ac3e,2826
4251,4300,ac3e,2846
4301,4350,ac3e,2871
4351,4400,ac3e,2894
4401,4450,ac3e,2914
4451,4500,ac3e,2939
4501,4550,ac3e,2962
4551,4600,ac3e,2982
4601,4650,ac3e,3007
4651,4700,ac3e,3030
4701,4750,ac3e,3052
4751,4800,ac3e,3077
4801,4850,ac3e,3100
4851,4900,ac3e,3122
4901,4950,ac3e,3145
4951,5000,ac3e,3165
1,150,cc,214
151,155,cc,241
156,160,cc,245
161,165,cc,251
166,170,cc,256
171,175,cc,262
176,180,cc,267
181,185,cc,272
186,190,cc,279
191,195,cc,284
196,200,cc,290
201,205,cc,294
206,210,cc,298
211,215,cc,304
216,220,cc,308
221,225,cc,315
226,230,cc,319
231,235,cc,326
236,240,cc,331
241,245,cc,336
246,250,cc,342
251,255,cc,347
256,260,cc,351
261,265,cc,356
266,270,cc,359
271,275,cc,365
276,280,cc,369
281,285,cc,375
286,290,cc,379
291,295,cc,383
296,300,cc,388
301,310,cc,396
311,320,cc,407
321,330,cc,418
331,340,cc,427
341,350,cc,434
351,360,cc,444
361,370,cc,453
371,380,cc,463
381,390,cc,475
391,400,cc,482
401,410,cc,491
411,420,cc,500
421,430,cc,510
431,440,cc,519
441,450,cc,528
451,460,cc,538
461,470,cc,548
471,480,cc,557
481,490,cc,567
491,500,cc,575
501,510,cc,607
511,520,cc,615
521,530,cc,623
531,540,cc,633
541,550,cc,640
551,560,cc,647
561,570,cc,657
571,580,cc,664
581,590,cc,672
591,600,cc,681
601,610,cc,688
611,620,cc,697
621,630,cc,705
631,640,cc,714
641,650,cc,722
651,660,cc,729
661,670,cc,739
671,680,cc,746
681,690,cc,755
691,700,cc,763
701,710,cc,770
711,720,cc,779
721,730,cc,786
731,740,cc,796
741,750,cc,805
751,760,cc,810
761,770,cc,818
771,780,cc,824
781,790,cc,832
791,800,cc,837
801,810,cc,845
811,820,cc,852
821,830,cc,859
831,840,cc,867
841,850,cc,873
851,860,cc,881
861,870,cc,887
871,880,cc,894
881,890,cc,901
891,900,cc,908
901,910,cc,913
911,920,cc,921
921,930,cc,930
931,940,cc,936
941,950,cc,943
951,960,cc,949
961,970,cc,958
971,980,cc,964
981,990,cc,971
991,1000,cc,976
1001,1025,cc,993
1026,1050,cc,1007
1051,1075,cc,1023
1076,1100,cc,1036
1101,1125,cc,1050
1126,1150,cc,1064
1151,1175,cc,1079
1176,1200,cc,1093
1201,1225,cc,1109
1226,1250,cc,1123
1251,1275,cc,1137
1276,1300,cc,1150
1301,1325,cc,1166
1326,1350,cc,1180
1351,1375,cc,1195
1376,1400,cc,1208
1401,1425,cc,1223
1426,1450,cc,1238
1451,1475,cc,1253
1476,1500,cc,1266
1501,1525,cc,1281
1526,1550,cc,1294
1551,1575,cc,1310
1576,1600,cc,1323
1601,1625,cc,1340
1626,1650,cc,1353
1651,1675,cc,1369
1676,1700,cc,1381
1701,1725,cc,1397
1726,1750,cc,1410
1751,1775,cc,1426
1776,1800,cc,1440
1801,1825,cc,1456
1826,1850,cc,1468
1851,1875,cc,1484
1876,1900,cc,1496
1901,1925,cc,1513
1926,1950,cc,1526
1951,1975,cc,1543
1976,2000,cc,1553
2001,2025,cc,1565
2026,2050,cc,1573
2051,2075,cc,1585
2076,2100,cc,1593
2101,2125,cc,1603
2126,2150,cc,1612
2151,2175,cc,1622
2176,2200,cc,1630
2201,2225,cc,1641
2226,2250,cc,1647
2251,2275,cc,1660
2276,2300,cc,1668
2301,2325,cc,1678
2326,2350,cc,1687
2351,2375,cc,1697
2376,2400,cc,1705
2401,2425,cc,1716
2426,2450,cc,1724
2451,2475,cc,1736
2476,2500,cc,1744
2501,2550,cc,1762
2551,2600,cc,1780
2601,2650,cc,1799
2651,2700,cc,1819
2701,2750,cc,1838
2751,2800,cc,1857
2801,2850,cc,1874
2851,2900,cc,1894
2901,2950,cc,1913
2951,3000,cc,1931
3001,3050,cc,1951
3051,3100,cc,1969
3101,3150,cc,1988
3151,3200,cc,2007
3201,3250,cc,2025
3251,3300,cc,2046
3301,3350,cc,2065
3351,3400,cc,2081
3401,3450,cc,2101
3451,3500,cc,2120
3501,3550,cc,2139
3551,3600,cc,2158
3601,3650,cc,2176
3651,3700,cc,2196
3701,3750,cc,2215
3751,3800,cc,2232
3801,3850,cc,2252
3851,3900,cc,2272
3901,3950,cc,2291
3951,4000,cc,2308
4001,4050,cc,2326
4051,4100,cc,2347
4101,4150,cc,2370
4151,4200,cc,2392
4201,4250,cc,2419
4251,4300,cc,2443
4301,4350,cc,2465
4351,4400,cc,2490
4401,4450,cc,2517
4451,4500,cc,2539
4501,4550,cc,2564
4551,4600,cc,2585
4601,4650,cc,2610
4651,4700,cc,2635
4701,4750,cc,2658
4751,4800,cc,2681
4801,4850,cc,2706
4851,4900,cc,2732
4901,4950,cc,2757
4951,5000,cc,2778
121,125,first,296
126,130,first,301
131,135,first,311
136,140,first,318
141,145,first,325
146,150,first,333
151,155,first,341
156,160,first,347
161,165,first,356
166,170,first,364
171,175,first,372
176,180,first,380
181,185,first,389
186,190,first,395
191,195,first,402
196,200,first,410
201,205,first,418
206,210,first,425
211,215,first,433
216,220,first,439
221,225,first,449
226,230,first,457
231,235,first,465
236,240,first,471
241,245,first,480
246,250,first,486
251,255,first,493
256,260,first,498
261,265,first,507
266,270,first,513
271,275,first,522
276,280,first,528
281,285,first,535
286,290,first,541
291,295,first,547
296,300,first,553
301,310,first,567
311,320,first,579
321,330,first,594
331,340,first,609
341,350,first,622
351,360,first,635
361,370,first,648
371,380,first,663
381,390,first,675
391,400,first,688
401,410,first,702
411,420,first,715
421,430,first,728
431,440,first,742
441,450,first,755
451,460,first,768
461,470,first,782
471,480,first,797
481,490,first,810
491,500,first,822
501,510,first,858
511,520,first,869
521,530,first,880
531,540,first,893
541,550,first,904
551,560,first,917
561,570,first,928
571,580,first,940
581,590,first,951
591,600,first,962
601,610,first,975
611,620,first,985
621,630,first,997
631,640,first,1009
641,650,first,1021
651,660,first,1033
661,670,first,1045
671,680,first,1056
681,690,first,1068
691,700,first,1078
701,710,first,1091
711,720,first,1102
721,730,first,1113
731,740,first,1126
741,750,first,1137
751,760,first,1146
761,770,first,1156
771,780,first,1168
781,790,first,1177
791,800,first,1185
801,810,first,1196
811,820,first,1204
821,830,first,1214
831,840,first,1225
841,850,first,1236
851,860,first,1245
861,870,first,1255
871,880,first,1264
881,890,first,1274
891,900,first,1283
901,910,first,1292
911,920,first,1303
921,930,first,1312
931,940,first,1323
941,950,first,1333
951,960,first,1342
961,970,first,1352
971,980,first,1363
981,990,first,1372
991,1000,first,1381
1001,1025,first,1402
1026,1050,first,1421
1051,1075,first,1442
1076,1100,first,1460
1101,1125,first,1482
1126,1150,first,1502
1151,1175,first,1522
1176,1200,first,1540
1201,1225,first,1561
1226,1250,first,1581
1251,1275,first,1601
1276,1300,first,1618
1301,1325,first,1641
1326,1350,first,1661
1351,1375,first,1681
1376,1400,first,1699
1401,1425,first,1720
1426,1450,first,1739
1451,1475,first,1761
1476,1500,first,1778
1501,1525,first,1799
1526,1550,first,1820
1551,1575,first,1841
1576,1600,first,1857
1601,1625,first,1878
1626,1650,first,1899
1651,1675,first,1919
1676,1700,first,1936
1701,1725,first,1959
1726,1750,first,1978
1751,1775,first,1999
1776,1800,first,2017
1801,1825,first,2037
1826,1850,first,2057
1851,1875,first,2078
1876,1900,first,2096
1901,1925,first,2117
1926,1950,first,2137
1951,1975,first,2158
1976,2000,first,2176
2001,2025,first,2188
2026,2050,first,2201
2051,2075,first,2214
2076,2100,first,2225
2101,2125,first,2238
2126,2150,first,2250
2151,2175,first,2263
2176,2200,first,2272
2201,2225,first,2287
2226,2250,first,2299
2251,2275,first,2312
2276,2300,first,2332
2301,2325,first,2348
2326,2350,first,2371
2351,2375,first,2388
2376,2400,first,2408
2401,2425,first,2427
2426,2450,first,2457
2451,2475,first,2469
2476,2500,first,2494
2501,2550,first,2550
2551,2600,first,2586
2601,2650,first,2628
2651,2700,first,2667
2701,2750,first,2710
2751,2800,first,2751
2801,2850,first,2792
2851,2900,first,2832
2901,2950,first,2871
2951,3000,first,2908
3001,3050,first,2953
3051,3100,first,2992
3101,3150,first,3036
3151,3200,first,3071
3201,3250,first,3116
3251,3300,first,3156
3301,3350,first,3196
3351,3400,first,3235
3401,3450,first,3282
3451,3500,first,3312
3501,3550,first,3356
3551,3600,first,3395
3601,3650,first,3441
3651,3700,first,3479
3701,3750,first,3517
3751,3800,first,3557
3801,3850,first,3599
3851,3900,first,3646
3901,3950,first,3687
3951,4000,first,3724
4001,4050,first,3765
4051,4100,first,3807
4101,4150,first,3845
4151,4200,first,3884
4201,4250,first,3930
4251,4300,first,3968
4301,4350,first,4009
4351,4400,first,4046
4401,4450,first,4092
4451,4500,first,4132
4501,4550,first,4171
4551,4600,first,4208
4601,4650,first,4253
4651,4700,first,4290
4701,4750,first,4331
4751,4800,first,4373
4801,4850,first,4416
4851,4900,first,4453
4901,4950,first,4493
4951,5000,first,4535
121,125,second,59
126,130,second,60
131,135,second,61
136,140,second,63
141,145,second,64
146,150,second,65
151,155,second,68
156,160,second,68
161,165,second,69
166,170,second,70
171,175,second,72
176,180,second,72
181,185,second,74
186,190,second,76
191,195,second,77
196,200,second,78
201,205,second,79
206,210,second,81
211,215,second,83
216,220,second,85
221,225,second,87
226,230,second,88
231,235,second,89
236,240,second,91
241,245,second,93
246,250,second,95
251,255,second,96
256,260,second,97
261,265,second,100
266,270,second,100
271,275,second,102
276,280,second,104
281,285,second,105
286,290,second,108
291,295,second,109
296,300,second,110
301,310,second,112
311,320,second,114
321,330,second,117
331,340,second,121
341,350,second,125
351,360,second,127
361,370,second,130
371,380,second,133
381,390,second,136
391,400,second,138
401,410,second,140
411,420,second,142
421,430,second,146
431,440,second,150
441,450,second,152
451,460,second,154
461,470,second,158
471,480,second,160
481,490,second,163
491,500,second,165
501,510,second,166
511,520,second,170
521,530,second,172
531,540,second,176
541,550,second,180
551,560,second,181
561,570,second,185
571,580,second,187
581,590,second,190
591,600,second,191
601,610,second,192
611,620,second,196
621,630,second,198
631,640,second,201
641,650,second,204
651,660,second,205
661,670,second,210
671,680,second,212
681,690,second,215
691,700,second,217
701,710,second,218
711,720,second,222
721,730,second,223
731,740,second,226
741,750,second,229
751,760,second,230
761,770,second,232
771,780,second,234
781,790,second,238
791,800,second,239
801,810,second,240
811,820,second,243
821,830,second,245
831,840,second,247
841,850,second,252
851,860,second,253
861,870,second,255
871,880,second,257
881,890,second,259
891,900,second,260
901,910,second,262
911,920,second,266
921,930,second,268
931,940,second,270
941,950,second,273
951,960,second,274
961,970,second,277
971,980,second,280
981,990,second,282
991,1000,second,283
1001,1025,second,289
1026,1050,second,293
1051,1075,second,298
1076,1100,second,301
1101,1125,second,307
1126,1150,second,311
1151,1175,second,317
1176,1200,second,320
1201,1225,second,326
1226,1250,second,329
1251,1275,second,335
1276,1300,second,338
1301,1325,second,344
1326,1350,second,348
1351,1375,second,354
1376,1400,second,358
1401,1425,second,363
1426,1450,second,366
1451,1475,second,372
1476,1500,second,375
1501,1525,second,380
1526,1550,second,386
1551,1575,second,391
1576,1600,second,395
1601,1625,second,401
1626,1650,second,404
1651,1675,second,409
1676,1700,second,414
1701,1725,second,419
1726,1750,second,423
1751,1775,second,428
1776,1800,second,431
1801,1825,second,436
1826,1850,second,440
1851,1875,second,446
1876,1900,second,449
1901,1925,second,455
1926,1950,second,459
1951,1975,second,464
1976,2000,second,470
2001,2025,second,473
2026,2050,second,477
2051,2075,second,479
2076,2100,second,482
2101,2125,second,485
2126,2150,second,489
2151,2175,second,492
2176,2200,second,494
2201,2225,second,498
2226,2250,second,503
2251,2275,second,506
2276,2300,second,508
2301,2325,second,512
2326,2350,second,516
2351,2375,second,519
2376,2400,second,521
2401,2425,second,524
2426,2450,second,529
2451,2475,second,531
2476,2500,second,533
2501,2550,second,542
2551,2600,second,546
2601,2650,second,554
2651,2700,second,560
2701,2750,second,568
2751,2800,second,574
2801,2850,second,581
2851,2900,second,586
2901,2950,second,593
2951,3000,second,598
3001,3050,second,607
3051,3100,second,612
3101,3150,second,620
3151,3200,second,625
3201,3250,second,634
3251,3300,second,639
3301,3350,second,647
3351,3400,second,652
3401,3450,second,660
3451,3500,second,666
3501,3550,second,673
3551,3600,second,679
3601,3650,second,685
3651,3700,second,690
3701,3750,second,698
3751,3800,second,703
3801,3850,second,711
3851,3900,second,716
3901,3950,second,725
3951,4000,second,731
4001,4050,second,739
4051,4100,second,743
4101,4150,second,751
4151,4200,second,756
4201,4250,second,765
4251,4300,second,770
4301,4350,second,777
4351,4400,second,783
4401,4450,second,790
4451,4500,second,797
4501,4550,second,804
4551,4600,second,810
4601,4650,second,817
4651,4700,second,821
4701,4750,second,830
4751,4800,second,835
4801,4850,second,843
4851,4900,second,847
4901,4950,second,855
4951,5000,second,861
121,125,sleeper,92
126,130,sleeper,94
131,135,sleeper,96
136,140,sleeper,98
141,145,sleeper,100
146,150,sleeper,102
151,155,sleeper,105
156,160,sleeper,107
161,165,sleeper,109
166,170,sleeper,112
171,175,sleeper,115
176,180,sleeper,117
181,185,sleeper,121
186,190,sleeper,123
191,195,sleeper,124
196,200,sleeper,126
201,205,sleeper,142
206,210,sleeper,144
211,215,sleeper,146
216,220,sleeper,149
221,225,sleeper,151
226,230,sleeper,153
231,235,sleeper,157
236,240,sleeper,159
241,245,sleeper,161
246,250,sleeper,163
251,255,sleeper,165
256,260,sleeper,167
261,265,sleeper,168
266,270,sleeper,172
271,275,sleeper,175
276,280,sleeper,177
281,285,sleeper,179
286,290,sleeper,181
291,295,sleeper,184
296,300,sleeper,186
301,310,sleeper,190
311,320,sleeper,195
321,330,sleeper,199
331,340,sleeper,204
341,350,sleeper,209
351,360,sleeper,214
361,370,sleeper,218
371,380,sleeper,223
381,390,sleeper,226
391,400,sleeper,229
401,410,sleeper,234
411,420,sleeper,239
421,430,sleeper,245
431,440,sleeper,249
441,450,sleeper,253
451,460,sleeper,258
461,470,sleeper,262
471,480,sleeper,267
481,490,sleeper,272
491,500,sleeper,276
501,510,sleeper,291
511,520,sleeper,296
521,530,sleeper,299
531,540,sleeper,303
541,550,sleeper,308
551,560,sleeper,310
561,570,sleeper,314
571,580,sleeper,319
581,590,sleeper,323
591,600,sleeper,325
601,610,sleeper,330
611,620,sleeper,334
621,630,sleeper,337
631,640,sleeper,344
641,650,sleeper,347
651,660,sleeper,351
661,670,sleeper,355
671,680,sleeper,359
681,690,sleeper,362
691,700,sleeper,365
701,710,sleeper,371
711,720,sleeper,374
721,730,sleeper,378
731,740,sleeper,382
741,750,sleeper,386
751,760,sleeper,388
761,770,sleeper,392
771,780,sleeper,395
781,790,sleeper,399
791,800,sleeper,401
801,810,sleeper,406
811,820,sleeper,409
821,830,sleeper,412
831,840,sleeper,417
841,850,sleeper,420
851,860,sleeper,424
861,870,sleeper,427
871,880,sleeper,431
881,890,sleeper,434
891,900,sleeper,436
901,910,sleeper,439
911,920,sleeper,443
921,930,sleeper,446
931,940,sleeper,449
941,950,sleeper,453
951,960,sleeper,457
961,970,sleeper,461
971,980,sleeper,464
981,990,sleeper,468
991,1000,sleeper,469
1001,1025,sleeper,477
1026,1050,sleeper,485
1051,1075,sleeper,492
1076,1100,sleeper,498
1101,1125,sleeper,507
1126,1150,sleeper,513
1151,1175,sleeper,521
1176,1200,sleeper,526
1201,1225,sleeper,535
1226,1250,sleeper,541
1251,1275,sleeper,550
1276,1300,sleeper,555
1301,1325,sleeper,563
1326,1350,sleeper,569
1351,1375,sleeper,577
1376,1400,sleeper,583
1401,1425,sleeper,591
1426,1450,sleeper,598
1451,1475,sleeper,605
1476,1500,sleeper,611
1501,1525,sleeper,619
1526,1550,sleeper,627
1551,1575,sleeper,635
1576,1600,sleeper,640
1601,1625,sleeper,648
1626,1650,sleeper,654
1651,1675,sleeper,662
1676,1700,sleeper,667
1701,1725,sleeper,676
1726,1750,sleeper,682
1751,1775,sleeper,690
1776,1800,sleeper,696
1801,1825,sleeper,705
1826,1850,sleeper,712
1851,1875,sleeper,719
1876,1900,sleeper,725
1901,1925,sleeper,733
1926,1950,sleeper,739
1951,1975,sleeper,746
1976,2000,sleeper,752
2001,2025,sleeper,759
2026,2050,sleeper,764
2051,2075,sleeper,769
2076,2100,sleeper,772
2101,2125,sleeper,778
2126,2150,sleeper,782
2151,2175,sleeper,788
2176,2200,sleeper,792
2201,2225,sleeper,797
2226,2250,sleeper,801
2251,2275,sleeper,807
2276,2300,sleeper,810
2301,2325,sleeper,816
2326,2350,sleeper,821
2351,2375,sleeper,826
2376,2400,sleeper,831
2401,2425,sleeper,836
2426,2450,sleeper,840
2451,2475,sleeper,847
2476,2500,sleeper,849
2501,2550,sleeper,859
2551,2600,sleeper,867
2601,2650,sleeper,878
2651,2700,sleeper,887
2701,2750,sleeper,896
2751,2800,sleeper,906
2801,2850,sleeper,917
2851,2900,sleeper,926
2901,2950,sleeper,936
2951,3000,sleeper,945
3001,3050,sleeper,955
3051,3100,sleeper,964
3101,3150,sleeper,973
3151,3200,sleeper,982
3201,3250,sleeper,993
3251,3300,sleeper,1002
3301,3350,sleeper,1012
3351,3400,sleeper,1022
3401,3450,sleeper,1031
3451,3500,sleeper,1040
3501,3550,sleeper,1051
3551,3600,sleeper,1059
3601,3650,sleeper,1070
3651,3700,sleeper,1080
3701,3750,sleeper,1088
3751,3800,sleeper,1097
3801,3850,sleeper,1107
3851,3900,sleeper,1117
3901,3950,sleeper,1126
3951,4000,sleeper,1136
4001,4050,sleeper,1147
4051,4100,sleeper,1155
4101,4150,sleeper,1165
4151,4200,sleeper,1175
4201,4250,sleeper,1185
4251,4300,sleeper,1193
4301,4350,sleeper,1204
4351,4400,sleeper,1213
4401,4450,sleeper,1222
4451,4500,sleeper,1232
4501,4550,sleeper,1242
4551,4600,sleeper,1250
4601,4650,sleeper,1261
4651,4700,sleeper,1270
4701,4750,sleeper,1280
4751,4800,sleeper,1290
4801,4850,sleeper,1300
4851,4900,sleeper,1309
4901,4950,sleeper,1319
4951,5000,sleeper,1327
